Movimientos de la Cuenta,,  Número de cuenta:,1465 0100 9517 08971395,,,
,,  Titular:,CARLOS ANTONIO PEREZ HAURIE,,,
,,  Fecha exportación:,27/12/2025 19:45h,,,
F. VALOR,CATEGORÍA,SUBCATEGORÍA,DESCRIPCIÓN,COMENTARIO,IMPORTE (€),SALDO (€)
31/12/2023,Alimentación,Supermercados y alimentación,Pago en SANCHINARRO H. MADRID ES,,-5.32,"1,547.59"
30/12/2023,Alimentación,Supermercados y alimentación,Pago en MIALCAMPO PRINCIPE CARLOSMADRID ES,,-22.24,"1,552.91"
30/12/2023,Alimentación,Supermercados y alimentación,Pago en EL CALLEJON PANADEROS COLMENAR VIEJES,,-8.30,"1,575.15"
30/12/2023,Otros ingresos,Ingresos de otras entidades,Transferencia recibida de CARLOS ANTONIO PEREZ HAURIE GASTOS,,"1,416.00","1,583.45"
29/12/2023,Educación y salud,Deporte y gimnasio,Pago en DECATHLON ALCOBENDAS ALCOBENDAS ES,,-24.99,167.45
29/12/2023,Alimentación,Supermercados y alimentación,Pago en DIA SAN CHINARRO MADRID ES,,-13.87,192.44
29/12/2023,Alimentación,Supermercados y alimentación,Pago en LEVADURA MADRE S.L. MADRID ES,,-7.87,206.31
29/12/2023,Compras,"Belleza, peluquería y perfumería",Pago en MI PELU MADRID ES,,-29.90,214.18
29/12/2023,Otros gastos,Pago de impuestos,Cargo cuota SS,,-76.61,244.08
29/12/2023,Otros gastos,Transferencias,Transferencia emitida periódica,,-263.00,320.69
28/12/2023,Alimentación,Supermercados y alimentación,Pago en LEVADURA MADRE S.L. MADRID ES,,-1.92,583.69
28/12/2023,Vehículo y transporte,Parking y garaje,Pago en 0205110284 MADRID ES,,-5.65,585.61
27/12/2023,Compras,Regalos y juguetes,Pago en MINI MARKET MADRID ES,,-3.00,591.26
27/12/2023,Vehículo y transporte,Mantenimiento de vehículo,Pago en BELENES GSS LOS SANTOS DEES,,-40.00,594.26
24/12/2023,Compras,Regalos y juguetes,Pago en TIGER PRINCIPE DE VERGARAMADRID ES,,-8.00,634.26
23/12/2023,Compras,Ropa y complementos,Pago en ZARA HOME SAN SEBASTIANES,,-13.19,642.26
23/12/2023,Compras,Regalos y juguetes,Pago en NATURA PLAZA NORTE 2 SAN SEBASTIANES,,-39.89,655.45
23/12/2023,Alimentación,Supermercados y alimentación,Pago en ALDI MADRID QUINTANAVIDESMADRID ES,,-15.74,695.34
23/12/2023,Educación y salud,"Farmacia, herbolario y nutrición",Pago en FARMACIA PRINCIPE CARLOS MADRID ES,,-11.55,711.08
23/12/2023,Alimentación,Supermercados y alimentación,Pago en MIALCAMPO PRINCIPE CARLOSMADRID ES,,-6.15,722.63
23/12/2023,Alimentación,Supermercados y alimentación,Pago en DIA SAN CHINARRO MADRID ES,,-13.47,728.78
22/12/2023,Vehículo y transporte,Parking y garaje,Pago en APARCAMIENTO COLON MADRIDMADRID ES,,-10.15,742.25
21/12/2023,Alimentación,Supermercados y alimentación,Pago en SANCHINARRO H. MADRID ES,,-27.35,752.40
20/12/2023,Alimentación,Supermercados y alimentación,Pago en SSR CC MORALEJA GREEN. ALCOBENDAS ES,,-6.73,779.75
19/12/2023,Otros ingresos,Ingresos de otras entidades,Transferencia recibida de MARIA DEL CARMEN LOPEZ GUIJARRO,,900.00,786.48
19/12/2023,Alimentación,Supermercados y alimentación,Pago en MERCADONA ONLINE WEB ES,,-185.96,-113.52
18/12/2023,Compras,Compras (otros),Pago en Amazon.es*LO2EK94D5,,-43.32,72.44
15/12/2023,Alimentación,Supermercados y alimentación,Pago en DIA SANCHINARRO MADRID ES,,-5.19,115.76
15/12/2023,Alimentación,Supermercados y alimentación,Pago en MIALCAMPO PRINCIPE CARLOSMADRID ES,,-17.21,120.95
15/12/2023,Alimentación,Supermercados y alimentación,Pago en DIA SAN CHINARRO MADRID ES,,-13.69,138.16
14/12/2023,Alimentación,Supermercados y alimentación,Pago en MADRID,,-101.94,151.85
12/12/2023,Alimentación,Supermercados y alimentación,Pago en MERCADONA C MA MADRID ES,,-106.79,253.79
12/12/2023,Hogar,Luz y gas,Recibo BASER COMER. REFER. SA,,-49.49,360.58
11/12/2023,Alimentación,Supermercados y alimentación,Pago en MADRID,,-41.89,410.07
10/12/2023,Movimientos excluidos,Traspaso entre cuentas,Traspaso recibido Cuenta Nómina Para reyes,,250.00,451.96
09/12/2023,Otros ingresos,Ingresos de otras entidades,Transferencia recibida de MARIA DEL CARMEN LOPEZ GUIJARRO GASTOS EXTRA DICIEMBRE,,200.00,201.96
07/12/2023,Alimentación,Supermercados y alimentación,Pago en MERCADONA MONTEBURGOS MADRID ES,,-76.98,1.96
06/12/2023,Compras,Regalos y juguetes,Pago en TIGER ALCALA 21 MADRID MADRID ES,,-5.50,78.94
06/12/2023,Alimentación,Supermercados y alimentación,Pago en ALDI MADRID QUINTANAVIDESMADRID ES,,-45.56,84.44
05/12/2023,Alimentación,Supermercados y alimentación,Pago en MERCADONA C MA MADRID ES,,-26.51,130.00
05/12/2023,Compras,Compras (otros),Pago en ALLIANCE VENDING BARCELONA ES,,-0.55,156.51
05/12/2023,Hogar,Luz y gas,"Recibo IBERDROLA CLIENTES, S.A.U",,-58.70,157.06
04/12/2023,Movimientos excluidos,Traspaso entre cuentas,Traspaso interno recibido Movimiento ING,,200.00,215.76
04/12/2023,Compras,Compras (otros),Pago en Amazon UFG*HW6OC1934,,-2.31,15.76
04/12/2023,Compras,Compras (otros),Pago en Amazon UFG*HW3YD69K4,,-131.09,18.07
03/12/2023,Educación y salud,"Farmacia, herbolario y nutrición",Pago en FARMACIA PRINCIPE CARLOS MADRID ES,,-12.13,149.16
03/12/2023,Educación y salud,"Farmacia, herbolario y nutrición",Pago en FARMACIA PRINCIPE CARLOS MADRID ES,,-200.00,161.29
03/12/2023,Ocio y viajes,Cafeterías y restaurantes,Pago en MARCOTXANO GOURMET SL MADRID ES,,-24.35,361.29
03/12/2023,Alimentación,Supermercados y alimentación,Pago en MIALCAMPO PRINCIPE CARLOSMADRID ES,,-2.68,385.64
02/12/2023,Compras,Regalos y juguetes,Pago en TIEMPO PEQUE¥O MG ALCOBENDAS ES,,-16.00,388.32
02/12/2023,Alimentación,Supermercados y alimentación,Pago en T506 BELROS CC MORALEJA GALCOBENDAS ES,,-11.00,404.32
02/12/2023,Alimentación,Supermercados y alimentación,Pago en SUPERMERCADOS DIA SANCHINLOECHES ES,,-33.97,415.32
01/12/2023,Alimentación,Supermercados y alimentación,Pago en MERCADONA PLAZA DE LA ESTTRES CANTOS ES,,-34.30,449.29
01/12/2023,Vehículo y transporte,Gasolina y combustible,Pago en GPV-LAS TABLAS MADRID ES,,-20.00,483.59
01/12/2023,Educación y salud,Educación,"Recibo SERVICIOS EDUCATIVOS EL VALLE DE SANCHINARRO, SLL",,-325.34,503.59
01/12/2023,Educación y salud,Educación,Recibo SERVICIOS EDUCATIVOS EL VALLE DE SAN CHI,,-313.86,828.93
01/12/2023,Hogar,"Teléfono, TV e internet","Recibo TELEFONICA DE ESPANA, S. A. U.",,-10.00,"1,142.79"
01/12/2023,Otros gastos,Otros gastos (otros),"Recibo C.P. NICETO ALCALA ZAMORA 24-42 CL Niceto Alcala Zamora, 24",,-227.88,"1,152.79"
01/12/2023,Otros ingresos,Ingresos de otras entidades,Transferencia recibida de CARLOS ANTONIO PEREZ HAURIE GASTOS,,"1,416.00","1,380.67"
01/12/2023,Otros gastos,Transferencias,Transferencia emitida periódica,,-75.00,-35.33
01/12/2023,Educación y salud,Educación,Pago en LA CASITA DE INGLES SANCHMADRID ES,,-97.00,39.67
30/11/2023,,,Cargo cuota SS,,-76.61,136.67
30/11/2023,,,Pago en AMZN MKTP ES*HW0XP0064,,-8.99,213.28
30/11/2023,,,"Recibo CANAL DE ISABEL II GESTION, S.",,-45.09,222.27
29/11/2023,,,Pago en CM282 SAN SEBASTIAN,,-64.98,267.36
29/11/2023,,,Transferencia emitida periódica,,-263.00,332.34
28/11/2023,Vehículo y transporte,Parking y garaje,Pago en PARKING ANA DE AUSTRIA SAMADRID ES,,-1.45,595.34
27/11/2023,Alimentación,Supermercados y alimentación,Pago en ALDI MADRID QUINTANAVIDESMADRID ES,,-4.88,596.79
26/11/2023,Alimentación,Supermercados y alimentación,Pago en SANCHINARRO H. MADRID ES,,-14.64,601.67
25/11/2023,Alimentación,Supermercados y alimentación,Pago en MERCADONA PLAZA DE LA ESTTRES CANTOS ES,,-55.09,616.31
24/11/2023,Alimentación,Supermercados y alimentación,Pago en MI ALCAMPO S S DE LOS REYS S REYES ES,,-9.78,671.40
24/11/2023,Compras,Ropa y complementos,Pago en ZARA MADRID PLAZA NORTE SAN SEBASTIANES,,-15.57,681.18
23/11/2023,Compras,Compras (otros),Pago en FERMACAR MADRID ES,,-133.67,696.75
23/11/2023,Compras,Compras (otros),Pago en WWW.AMAZON* 404 302360,,-13.25,830.42
22/11/2023,Compras,Compras (otros),Pago en EL CORTE INGLES SANCHINARMADRID ES,,-6.00,843.67
22/11/2023,Alimentación,Supermercados y alimentación,Pago en MERCADONA C MA MADRID ES,,-19.52,849.67
20/11/2023,Alimentación,Supermercados y alimentación,Devolución Tarjeta MERCADONA COLMENA GETAFE GETAFE ES,,2.02,869.19
20/11/2023,Otros ingresos,Ingresos de otras entidades,Transferencia recibida de MARIA DEL CARMEN LOPEZ GUIJARRO,,900.00,867.17
20/11/2023,Otros gastos,Transferencias,Transferencia emitida a AHORRO BBVA Polleria,,-30.00,-32.83
19/11/2023,Alimentación,Supermercados y alimentación,Pago en MIALCAMPO PRINCIPE CARLOSMADRID ES,,-6.25,-2.83
18/11/2023,Alimentación,Supermercados y alimentación,Pago en SANCHINARRO H. MADRID ES,,-43.85,3.42
18/11/2023,Ocio y viajes,"Cine, teatro y espectáculos",Pago en Fever*Mundo Pixar la e,,-71.48,47.27
17/11/2023,Alimentación,Supermercados y alimentación,Pago en MERCADONA MONTEBURGOS MADRID ES,,-16.64,118.75
17/11/2023,Alimentación,Supermercados y alimentación,Pago en MERCADONA ONLINE WEB ES,,-166.48,135.39
16/11/2023,Ocio y viajes,Billetes de viaje,Pago en ALSA ENATCAR MADRID ES,,-17.00,301.87
11/11/2023,Alimentación,Supermercados y alimentación,Pago en MIALCAMPO PRINCIPE CARLOSMADRID ES,,-31.50,318.87
11/11/2023,Otros ingresos,Ingresos de otras entidades,Transferencia recibida de MARIA DEL CARMEN LOPEZ GUIJARRO,,200.00,350.37
10/11/2023,Alimentación,Supermercados y alimentación,Pago en MERCADONA C MA MADRID ES,,-127.43,150.37
10/11/2023,Movimientos excluidos,Traspaso entre cuentas,Traspaso recibido Cuenta Nómina Movimiento ING,,200.00,277.80
06/11/2023,Movimientos excluidos,Traspaso entre cuentas,Traspaso recibido Cuenta Nómina Descubierto,,200.00,77.80
04/11/2023,Ocio y viajes,Cafeterías y restaurantes,Pago en OP DE SERV SANCHINARRO MADRID ES,,-89.50,-122.20
04/11/2023,Alimentación,Supermercados y alimentación,Pago en MERCADONA MONTEBURGOS MADRID ES,,-44.76,-32.70
03/11/2023,Alimentación,Supermercados y alimentación,Pago en MERCADONA C MA MADRID ES,,-114.22,12.06
03/11/2023,Hogar,Luz y gas,"Recibo IBERDROLA CLIENTES, S.A.U",,-48.34,126.28
02/11/2023,Educación y salud,Educación,"Recibo SERVICIOS EDUCATIVOS EL VALLE DE SANCHINARRO, SLL",,-366.41,174.62
02/11/2023,Educación y salud,Educación,Recibo SERVICIOS EDUCATIVOS EL VALLE DE SAN CHI,,-371.39,541.03
01/11/2023,,,"Recibo TELEFONICA DE ESPANA, S. A. U.",,-22.70,912.42
01/11/2023,Otros gastos,Otros gastos (otros),"Recibo C.P. NICETO ALCALA ZAMORA 24-42 CL Niceto Alcala Zamora, 24",,-167.67,935.12
01/11/2023,Otros gastos,Transferencias,Transferencia emitida periódica,,-75.00,"1,102.79"
01/11/2023,,,Pago en LA CASITA DE INGLES SANCHMADRID ES,,-97.00,"1,177.79"
31/10/2023,Movimientos excluidos,Traspaso entre cuentas,Traspaso emitido Cuenta Nómina Movimiento ING,,-60.00,"1,274.79"
31/10/2023,Otros gastos,Pago de impuestos,Cargo cuota SS,,-76.61,"1,334.79"
31/10/2023,Otros ingresos,Ingresos de otras entidades,Transferencia recibida de CARLOS ANTONIO PEREZ HAURIE GASTOS,,"1,416.00","1,411.40"
30/10/2023,Alimentación,Supermercados y alimentación,Pago en DIA SAN CHINARRO MADRID ES,,-6.65,-4.60
30/10/2023,Movimientos excluidos,Traspaso entre cuentas,Traspaso interno recibido Movimiento ING,,60.00,2.05
30/10/2023,Compras,Regalos y juguetes,Pago en PLAZA CHINA MADRID ES,,-7.50,-57.95
30/10/2023,Alimentación,Supermercados y alimentación,Pago en MERCADONA MONTEBURGOS MADRID ES,,-15.70,-50.45
30/10/2023,Otros gastos,Transferencias,Transferencia emitida periódica,,-263.00,-34.75
29/10/2023,Alimentación,Supermercados y alimentación,Pago en PLUS SUPERMERCADOS S.A. MADRID ES,,-24.89,228.25
29/10/2023,Alimentación,Supermercados y alimentación,Pago en DECOAM SCM 308 MADRID ES,,-5.00,253.14
29/10/2023,Alimentación,Supermercados y alimentación,Pago en ACEITUNAS SANCHEZ RIVAS VACIAMAES,,-6.44,258.14
29/10/2023,Compras,Compras (otros),Pago en SALAD FRUIT MADRID ES,,-29.47,264.58
28/10/2023,Alimentación,Supermercados y alimentación,Pago en DIA SANCHINARRO MADRID ES,,-8.71,294.05
28/10/2023,Alimentación,Supermercados y alimentación,Pago en MIALCAMPO PRINCIPE CARLOSMADRID ES,,-2.49,302.76
28/10/2023,Alimentación,Supermercados y alimentación,Pago en MIALCAMPO PRINCIPE CARLOSMADRID ES,,-6.72,305.25
27/10/2023,Alimentación,Supermercados y alimentación,Pago en MERCADONA C MA MADRID ES,,-25.08,311.97
26/10/2023,Alimentación,Supermercados y alimentación,Pago en MIALCAMPO PRINCIPE CARLOSMADRID ES,,-10.54,337.05
25/10/2023,Alimentación,Supermercados y alimentación,Pago en MERCADONA MONTEBURGOS MADRID ES,,-41.42,347.59
24/10/2023,Compras,Compras (otros),Pago en EL CORTE INGLES SANCHINARMADRID ES,,-4.60,389.01
24/10/2023,Alimentación,Supermercados y alimentación,Pago en SANCHINARRO H. MADRID ES,,-25.33,393.61
23/10/2023,Vehículo y transporte,Peajes,Pago en ATPSEITT Alcobenda >Alco,,-0.60,418.94
22/10/2023,Otros gastos,Comisiones e intereses,Comisión cajero LA CAIXA 5846 MADRID ES,,-2.00,419.54
22/10/2023,Otros gastos,Cajeros,Reintegro efectivo tarjeta LA CAIXA 5846 MADRID ES,,-40.00,421.54
22/10/2023,Movimientos excluidos,Traspaso entre cuentas,Traspaso interno emitido Movimiento ING,,-350.00,461.54
22/10/2023,Alimentación,Supermercados y alimentación,Pago en ALDI ALCOBENDAS TDA 16 ALCOBENDAS ES,,-89.98,811.54
20/10/2023,Otros ingresos,Ingresos de otras entidades,Transferencia recibida de MARIA DEL CARMEN LOPEZ GUIJARRO Gastos,,900.00,901.52
19/10/2023,Educación y salud,Educación,Pago en COLEGIO EL VALLE SANCHINAMADRID ES,,-5.00,1.52
18/10/2023,Educación y salud,Deporte y gimnasio,Pago en C.D.E.V. SANCHINARRO MADRID ES,,-240.00,6.52
18/10/2023,Educación y salud,Deporte y gimnasio,Pago en C.D.E.V. SANCHINARRO MADRID ES,,-320.00,246.52
18/10/2023,Movimientos excluidos,Traspaso entre cuentas,Traspaso recibido Cuenta Nómina Deportes ,,50.00,566.52
18/10/2023,Movimientos excluidos,Traspaso entre cuentas,Traspaso recibido Cuenta Nómina Deportes,,500.00,516.52
17/10/2023,Hogar,Luz y gas,Recibo BASER COMER. REFER. SA,,-34.97,16.52
16/10/2023,Movimientos excluidos,Traspaso entre cuentas,Traspaso recibido Cuenta Nómina Movimiento ING,,150.00,51.49
16/10/2023,Movimientos excluidos,Traspaso entre cuentas,Traspaso recibido Cuenta Nómina Movimiento ING,,150.00,-98.51
16/10/2023,Alimentación,Supermercados y alimentación,Pago en MERCADONA ONLINE WEB ES,,-225.08,-248.51
16/10/2023,Otros ingresos,Ingresos de otras entidades,Transferencia recibida de MARIA DEL CARMEN LOPEZ GUIJARRO,,200.00,-23.43
16/10/2023,Educación y salud,Educación,"Recibo SERVICIOS EDUCATIVOS EL VALLE DE SANCHINARRO, SLL",,-169.50,-223.43
16/10/2023,Educación y salud,Educación,"Recibo SERVICIOS EDUCATIVOS EL VALLE DE SANCHINARRO, SLL",,-126.00,-53.93
15/10/2023,Vehículo y transporte,Gasolina y combustible,Pago en GASOLINERA A2 31 SL OLMILLOS DE SES,,-50.00,72.07
15/10/2023,Movimientos excluidos,Traspaso entre cuentas,Traspaso recibido Cuenta Nómina Movimiento ING,,200.00,122.07
14/10/2023,Vehículo y transporte,Gasolina y combustible,Pago en REPSOL RUILOBA COMILLAS RUILOBA ES,,-17.01,-77.93
14/10/2023,Ocio y viajes,"Cine, teatro y espectáculos",Pago en PALACIO DE SOBRELLANO COMILLAS ES,,-13.00,-60.92
13/10/2023,Alimentación,Supermercados y alimentación,Pago en LUPA C CERVANTES COMILLASCOMILLAS ES,,-16.30,-47.92
13/10/2023,Ocio y viajes,Cafeterías y restaurantes,Pago en EL GALEON DE RUBARCENA COMILLAS ES,,-76.00,-31.62
12/10/2023,Ventajas ING,Otras Ventajas ING,Abono por campaña Abono Shopping NARANJA:GALP,,1.80,44.38
12/10/2023,Ocio y viajes,Cafeterías y restaurantes,Pago en EL GALEON DE RUBARCENA COMILLAS ES,,-66.25,42.58
11/10/2023,Vehículo y transporte,Gasolina y combustible,Pago en SANCHINARRO MADRID ES,,-60.00,108.83
11/10/2023,Alimentación,Supermercados y alimentación,Pago en LEVADURA MADRE S.L. MADRID ES,,-0.96,168.83
11/10/2023,Ocio y viajes,"Libros, música y videojuegos",Pago en CARLIN MADRID ES,,-22.99,169.79
10/10/2023,Compras,"Belleza, peluquería y perfumería",Pago en MI PELU MADRID ES,,-27.00,192.78
06/10/2023,Alimentación,Supermercados y alimentación,Pago en MERCADONA C MA MADRID ES,,-38.90,219.78
04/10/2023,Otros gastos,Otros gastos (otros),Recibo APA EL VALLE,,-20.00,258.68
03/10/2023,Movimientos excluidos,Traspaso entre cuentas,Traspaso interno recibido Movimiento ING,,200.00,278.68
03/10/2023,Otros ingresos,Ingresos de otras entidades,Transferencia recibida de MARIA DEL CARMEN LOPEZ GUIJARRO,,200.00,78.68
02/10/2023,Educación y salud,Deporte y gimnasio,Pago en DECATHLON ALCOBENDAS ALCOBENDAS ES,,-17.98,-121.32
02/10/2023,Hogar,"Teléfono, TV e internet","Recibo TELEFONICA DE ESPANA, S. A. U.",,-10.50,-103.34
02/10/2023,Educación y salud,Educación,"Recibo SERVICIOS EDUCATIVOS EL VALLE DE SANCHINARRO, SLL",,-366.41,-92.84
02/10/2023,Otros gastos,Otros gastos (otros),"Recibo C.P. NICETO ALCALA ZAMORA 24-42 CL Niceto Alcala Zamora, 24",,-167.67,273.57
02/10/2023,Educación y salud,Educación,Recibo SERVICIOS EDUCATIVOS EL VALLE DE SAN CHI,,-371.39,441.24
02/10/2023,Otros gastos,Transferencias,Transferencia emitida periódica,,-75.00,812.63
30/09/2023,Educación y salud,Educación,Pago en LA CASITA DE INGLES SANCHMADRID ES,,-97.00,887.63
30/09/2023,Alimentación,Supermercados y alimentación,Pago en MERCADONA MONTEBURGOS MADRID ES,,-103.14,984.63
29/09/2023,Hogar,Decoración y mobiliario,Pago en IKEA SSDLR HFB S.SEBASTIAN DES,,-341.95,"1,087.77"
29/09/2023,Otros gastos,Pago de impuestos,Cargo cuota SS,,-76.61,"1,429.72"
29/09/2023,Hogar,Luz y gas,"Recibo IBERDROLA CLIENTES, S.A.U",,-42.21,"1,506.33"
29/09/2023,Hogar,Agua,"Recibo CANAL DE ISABEL II GESTION, S.",,-33.70,"1,548.54"
29/09/2023,Otros ingresos,Ingresos de otras entidades,Transferencia recibida de CARLOS ANTONIO PEREZ HAURIE GASTOS,,"1,416.00","1,582.24"
29/09/2023,Otros gastos,Transferencias,Transferencia emitida periódica,,-263.00,166.24
28/09/2023,Alimentación,Supermercados y alimentación,Pago en SANCHINARRO H. MADRID ES,,-28.84,429.24
27/09/2023,Alimentación,Supermercados y alimentación,Pago en MERCADONA MONTEBURGOS MADRID ES,,-42.96,458.08
25/09/2023,Alimentación,Supermercados y alimentación,Pago en MIALCAMPO PRINCIPE CARLOSMADRID ES,,-10.68,501.04
25/09/2023,Alimentación,Supermercados y alimentación,Pago en PLUS SUPERMERCADOS S.A. MADRID ES,,-35.37,511.72
24/09/2023,Ocio y viajes,Cafeterías y restaurantes,Pago en RESTAURANTE EL AULA LA ADRADA ES,,-90.00,547.09
23/09/2023,Otros gastos,Transferencias,Traspaso interno emitido Movimiento ING,,-69.00,637.09
22/09/2023,Ocio y viajes,Hotel y alojamiento,Pago en EL PARAISO DEL TIETAR ADRADA LA ES,,-194.92,706.09
20/09/2023,Otros ingresos,Ingresos de otras entidades,Transferencia recibida de MARIA DEL CARMEN LOPEZ GUIJARRO Gastos,,900.00,901.01
18/09/2023,Otros ingresos,Otros ingresos (otros),Traspaso interno recibido Movimiento ING,,10.00,1.01
17/09/2023,Alimentación,Supermercados y alimentación,Pago en CARREF ALCOBENDAS ALCOBENDAS ES,,-39.20,-8.99
16/09/2023,Alimentación,Supermercados y alimentación,Pago en MIALCAMPO PRINCIPE CARLOSMADRID ES,,-8.24,30.21
16/09/2023,Alimentación,Supermercados y alimentación,Pago en SANCHINARRO H. MADRID ES,,-19.90,38.45
16/09/2023,Movimientos excluidos,Traspaso entre cuentas,Traspaso interno recibido Movimiento ING,,50.00,58.35
15/09/2023,Ocio y viajes,"Libros, música y videojuegos",Pago en CARLIN MADRID ES,,-10.39,8.35
13/09/2023,Movimientos excluidos,Traspaso entre cuentas,Traspaso interno emitido Movimiento ING,,-100.00,18.74
13/09/2023,Alimentación,Supermercados y alimentación,Pago en MERCADONA C MA MADRID ES,,-83.70,118.74
13/09/2023,Movimientos excluidos,Traspaso entre cuentas,Traspaso interno recibido Movimiento ING,,100.00,202.44
11/09/2023,Alimentación,Supermercados y alimentación,Pago en SANCHINARRO H. MADRID ES,,-19.24,102.44
11/09/2023,Ventajas ING,Otras Ventajas ING,Abono por campaña Abono Shopping NARANJA:SHELL,,1.50,121.68
10/09/2023,Alimentación,Supermercados y alimentación,Pago en ALDI MADRID QUINTANAVIDESMADRID ES,,-88.95,120.18
10/09/2023,Movimientos excluidos,Traspaso entre cuentas,Traspaso interno recibido Movimiento ING,,200.00,209.13
09/09/2023,Vehículo y transporte,Gasolina y combustible,Pago en LA SERNA LA SERNA DEL ES,,-50.00,9.13
09/09/2023,Alimentación,Supermercados y alimentación,Pago en FENG ZHANG MADRID ES,,-9.90,59.13
07/09/2023,Alimentación,Supermercados y alimentación,Pago en MERCADONA MONTEBURGOS MADRID ES,,-22.23,69.03
06/09/2023,Alimentación,Supermercados y alimentación,Pago en SANCHINARRO H. MADRID ES,,-10.39,91.26
06/09/2023,Educación y salud,Educación,Pago en LA CASITA DE INGLES SANCHMADRID ES,,-72.75,101.65
06/09/2023,Compras,Compras (otros),Pago en AMZN Mktp ES*1U11P6LE4,,-9.95,174.40
05/09/2023,Alimentación,Supermercados y alimentación,Pago en SANCHINARRO H. MADRID ES,,-7.10,184.35
05/09/2023,Otros gastos,Otros gastos (otros),"Recibo C.P. NICETO ALCALA ZAMORA 24-42 CL Niceto Alcala Zamora, 24",,-167.67,191.45
04/09/2023,Alimentación,Supermercados y alimentación,Pago en DIA SANCHINARRO MADRID ES,,-10.96,359.12
04/09/2023,Otros gastos,Transferencias,Transferencia emitida a CARMEN LOPEZ GUIJARRO Pollería,,-35.00,370.08
02/09/2023,Alimentación,Supermercados y alimentación,Pago en ALDI MADRID QUINTANAVIDESMADRID ES,,-39.41,405.08
02/09/2023,Alimentación,Supermercados y alimentación,Pago en MIALCAMPO PRINCIPE CARLOSMADRID ES,,-11.62,444.49
01/09/2023,Alimentación,Supermercados y alimentación,Pago en DIA SANCHINARRO MADRID ES,,-8.92,456.11
01/09/2023,Compras,Regalos y juguetes,Pago en FENG ZHANG MADRID ES,,-8.50,465.03
01/09/2023,Hogar,"Teléfono, TV e internet","Recibo TELEFONICA DE ESPANA, S. A. U.",,-10.00,473.53
01/09/2023,Educación y salud,Educación,"Recibo SERVICIOS EDUCATIVOS EL VALLE DE SANCHINARRO, SLL",,-325.00,483.53
01/09/2023,Educación y salud,Educación,Recibo SERVICIOS EDUCATIVOS EL VALLE DE SAN CHI,,-385.00,808.53
01/09/2023,Otros gastos,Transferencias,Transferencia emitida periódica,,-75.00,"1,193.53"
01/09/2023,Alimentación,Supermercados y alimentación,Pago en MERCADONA COLMENA GETAFE GETAFE ES,,-260.13,"1,268.53"
31/08/2023,Otros gastos,Pago de impuestos,Cargo cuota SS,,-76.61,"1,528.66"
31/08/2023,Compras,Compras (otros),Pago en BALLENOIL BARBATE II - AVBARBATE ES,,-10.00,"1,605.27"
31/08/2023,Compras,Compras (otros),Pago en BALLENOIL BARBATE II - AVBARBATE ES,,-30.00,"1,615.27"
31/08/2023,Hogar,Luz y gas,"Recibo IBERDROLA CLIENTES, S.A.U",,-53.15,"1,645.27"
31/08/2023,Otros ingresos,Ingresos de otras entidades,Transferencia recibida de CARLOS ANTONIO PEREZ HAURIE GASTOS,,"1,416.00","1,698.42"
29/08/2023,Ocio y viajes,Cafeterías y restaurantes,Pago en KIOSKO 5 OCEANOS ZAHARA DE ATUES,,-5.00,282.42
29/08/2023,Alimentación,Supermercados y alimentación,Pago en ALIMENTACION BAESSIPO S.RTARIFA ES,,-5.95,287.42
29/08/2023,Alimentación,Supermercados y alimentación,Pago en ALIMENTACION BAESSIPO S.RTARIFA ES,,-4.15,293.37
29/08/2023,Otros gastos,Transferencias,Transferencia emitida a EDY ISABEL MONTOYA MORALES Nomina Edy,,-263.00,297.52
28/08/2023,Alimentación,Supermercados y alimentación,Pago en ALIMENTACION BAESSIPO S.RTARIFA ES,,-15.27,560.52
27/08/2023,Alimentación,Supermercados y alimentación,Pago en ALIMENTACION BAESSIPO S.RTARIFA ES,,-2.50,575.79
27/08/2023,Ocio y viajes,Cafeterías y restaurantes,Pago en HELADOS MIQUEL ISLANTILLA ES,,-10.70,578.29
27/08/2023,Alimentación,Supermercados y alimentación,Pago en DIA ZAHARA ZAHARA DE LOSES,,-38.00,588.99
26/08/2023,Alimentación,Supermercados y alimentación,Pago en ALIMENTACION BAESSIPO S.RTARIFA ES,,-12.13,626.99
25/08/2023,Otros gastos,Comisiones e intereses,Comisión cajero C.R.DEL SUR TARIFA ES,,-1.95,639.12
25/08/2023,Otros gastos,Cajeros,Reintegro efectivo tarjeta C.R.DEL SUR TARIFA ES,,-20.00,641.07
25/08/2023,Ocio y viajes,Ocio y viajes (otros),Pago en PARKING INFANTERIA MARINATARIFA ES,,-3.25,661.07
25/08/2023,Ocio y viajes,Cafeterías y restaurantes,Pago en CASA DEL GELATO TARIFA ES,,-12.50,664.32
25/08/2023,Ocio y viajes,Cafeterías y restaurantes,Pago en EL PERULERO TARIFA ES,,-43.50,676.82
25/08/2023,Ocio y viajes,"Libros, música y videojuegos",Pago en LIBROS MILENIUM S.L. CHICLANA DE LES,,-16.50,720.32
25/08/2023,Otros gastos,Pago de impuestos,Pago en CASTILLO DE GUZMAN EL BUETARIFA ES,,-8.00,736.82
25/08/2023,Ocio y viajes,Cafeterías y restaurantes,Pago en THE GIBRALTAR BAKERY,,-8.02,744.82
23/08/2023,Ocio y viajes,Cafeterías y restaurantes,Pago en LA BALLENA VERDE CB ZAHARA ES,,-33.00,752.84
23/08/2023,Ocio y viajes,Cafeterías y restaurantes,Pago en HELADERIA LA GOLOSONA TARIFA ES,,-16.00,785.84
23/08/2023,Alimentación,Supermercados y alimentación,Pago en ALIMENTACION BAESSIPO S.RTARIFA ES,,-4.80,801.84
23/08/2023,Alimentación,Supermercados y alimentación,Pago en ALIMENTACION BAESSIPO S.RTARIFA ES,,-4.02,806.64
22/08/2023,Alimentación,Supermercados y alimentación,Pago en MERCADONA TARIFA TARIFA ES,,-63.46,810.66
22/08/2023,Ocio y viajes,Cafeterías y restaurantes,Pago en LOUSBURY S L LINEA DE LA CES,,-9.94,874.12
21/08/2023,Alimentación,Supermercados y alimentación,Pago en ALIMENTACION BAESSIPO S.RTARIFA ES,,-7.40,884.06
21/08/2023,Alimentación,Supermercados y alimentación,Pago en ALIMENTACION BAESSIPO S.RTARIFA ES,,-7.20,891.46
21/08/2023,Alimentación,Supermercados y alimentación,Pago en CARNICERIA LOS BARRIOS ES,,-10.00,898.66
20/08/2023,Otros ingresos,Ingresos de otras entidades,Transferencia recibida de MARIA DEL CARMEN LOPEZ GUIJARRO ,,900.00,908.66
20/08/2023,Alimentación,Supermercados y alimentación,Pago en ALIMENTACION BAESSIPO S.RTARIFA ES,,-9.71,8.66
19/08/2023,Alimentación,Supermercados y alimentación,Pago en LA DIFICULTOSA TARIFA ES,,-7.05,18.37
18/08/2023,Compras,Compras (otros),Pago en BALLENOIL BARBATE II - AVBARBATE ES,,-50.00,25.42
18/08/2023,Alimentación,Supermercados y alimentación,Pago en ALIMENTACION BAESSIPO S.RTARIFA ES,,-6.35,75.42
18/08/2023,Alimentación,Supermercados y alimentación,Pago en MERCADONA COMPRA ONLINE WEB ES,,-269.90,81.77
18/08/2023,Alimentación,Supermercados y alimentación,Pago en ALIMENTACION BAESSIPO S.RTARIFA ES,,-2.85,351.67
17/08/2023,Alimentación,Supermercados y alimentación,Pago en ALIMENTACION BAESSIPO S.RTARIFA ES,,-7.95,354.52
16/08/2023,Alimentación,Supermercados y alimentación,Pago en ALIMENTACION BAESSIPO S.RTARIFA ES,,-5.20,362.47
16/08/2023,Alimentación,Supermercados y alimentación,Pago en ALIMENTACION BAESSIPO S.RTARIFA ES,,-53.60,367.67
16/08/2023,Movimientos excluidos,Traspaso entre cuentas,Traspaso recibido Cuenta Nómina Gastos zahara,,200.00,421.27
15/08/2023,Alimentación,Supermercados y alimentación,Pago en SANCHINARRO H. MADRID ES,,-21.66,221.27
15/08/2023,Alimentación,Supermercados y alimentación,Pago en SANCHINARRO H. MADRID ES,,-4.74,242.93
15/08/2023,Vehículo y transporte,Gasolina y combustible,Pago en GPV LAS TABLAS MADRID ES,,-83.95,247.67
15/08/2023,Ocio y viajes,Cafeterías y restaurantes,Pago en IberiaExpress,,-2.95,331.62
14/08/2023,Ocio y viajes,Cafeterías y restaurantes,Pago en JUICY AVENUE CASTELLANA POZUELO ES,,-5.50,334.57
14/08/2023,Alimentación,Supermercados y alimentación,Pago en SANCHINARRO H. MADRID ES,,-19.19,340.07
14/08/2023,Alimentación,Supermercados y alimentación,Pago en SANCHINARRO H. MADRID ES,,-21.54,359.26
14/08/2023,Otros gastos,Otros gastos (otros),"Recibo C.P. NICETO ALCALA ZAMORA 24-42 CL Niceto Alcala Zamora, 24",,-167.67,380.80
13/08/2023,Alimentación,Supermercados y alimentación,Pago en DIA SANCHINARRO MADRID ES,,-12.13,548.47
11/08/2023,Compras,Compras (otros),Pago en EL CORTE INGLES SANCHINARMADRID ES,,-14.99,560.60
11/08/2023,Compras,Compras (otros),Pago en EL CORTE INGLES SANCHINARMADRID ES,,-68.10,575.59
10/08/2023,Alimentación,Supermercados y alimentación,Pago en MERCADONA MONTEBURGOS MADRID ES,,-52.26,643.69
10/08/2023,Vehículo y transporte,Taxis y Carsharing,Pago en LICENCIA 10741 BECERRIL DE LES,,-26.15,695.95
10/08/2023,Ocio y viajes,"Libros, música y videojuegos",Pago en AEROP LANZAROTE TIERRA LAS PALMAS ES,,-2.65,722.10
09/08/2023,Vehículo y transporte,Gasolina y combustible,Pago en ESTACION SERVICIO PLAYA BPLAYA BLANCA(ES,,-29.73,724.75
09/08/2023,Compras,Regalos y juguetes,Pago en JAMEOS TIENDA HARIA ES,,-3.60,754.48
09/08/2023,Ocio y viajes,Cafeterías y restaurantes,Pago en JAMEOS BAR GALERIA HARIA ES,,-9.60,758.08
09/08/2023,Ocio y viajes,"Cine, teatro y espectáculos",Pago en CENTRO TURISTICO LANZAROTARRECIFE ES,,-25.00,767.68
09/08/2023,Compras,Compras (otros),Pago en HD EX PRINCESA YAIZA YAIZA ES,,-16.80,792.68
08/08/2023,Ocio y viajes,"Cine, teatro y espectáculos",Pago en CENTRO TURISTICO LANZAROTARRECIFE ES,,-30.00,809.48
08/08/2023,Ocio y viajes,Hotel y alojamiento,Pago en FAMARA POWER TEGUISE ES,,-40.89,839.48
08/08/2023,Compras,Compras (otros),Pago en CASA KAOS TEGUISE ES,,-49.00,880.37
08/08/2023,Ocio y viajes,Cafeterías y restaurantes,Pago en LA SOCIEDAD DE LA VILLA TEGUISE ES,,-4.80,929.37
08/08/2023,Alimentación,Supermercados y alimentación,Pago en SUPERMERCADO EUROPA YAIZA ES,,-5.80,934.17
08/08/2023,Ocio y viajes,Cafeterías y restaurantes,Pago en PLAYA DORADA III PLAYA BLANCA ES,,-12.00,939.97
07/08/2023,Hogar,Luz y gas,Recibo BASER COMER. REFER. SA,,-36.73,951.97
07/08/2023,Otros gastos,Transferencias,Transferencia emitida a CARMEN LOPEZ GUIJARRO Cajero lanzarote,,-40.00,988.70
06/08/2023,Ocio y viajes,Cafeterías y restaurantes,Pago en RESTAURANTE COSTA AZUL PLAYA BLANCA(ES,,-17.50,"1,028.70"
06/08/2023,Ocio y viajes,Cafeterías y restaurantes,Pago en IberiaExpress,,-7.90,"1,046.20"
04/08/2023,Compras,Compras (otros),Pago en HD EX PRINCESA YAIZA YAIZA ES,,-5.80,"1,054.10"
04/08/2023,Ocio y viajes,Billetes de viaje,Pago en 3K PRINCESA YAIZA II YAIZA ES,,-183.82,"1,059.90"
03/08/2023,Compras,Compras (otros),Pago en HD EX PRINCESA YAIZA YAIZA ES,,-30.94,"1,243.72"
03/08/2023,Alimentación,Supermercados y alimentación,Pago en SUPERMERCADO PAPAGAYO YAIZA ES,,-5.46,"1,274.66"
03/08/2023,Vehículo y transporte,Taxis y Carsharing,Pago en TAXI 00225 MADRID ES,,-23.40,"1,280.12"
03/08/2023,Hogar,Luz y gas,"Recibo IBERDROLA CLIENTES, S.A.U",,-57.94,"1,303.52"
02/08/2023,Hogar,Agua,"Recibo CANAL DE ISABEL II GESTION, S.",,-45.09,"1,361.46"
01/08/2023,Alimentación,Supermercados y alimentación,Pago en PLUS SUPERMERCADOS S.A. MADRID ES,,-9.48,"1,406.55"
01/08/2023,Otros gastos,Cajeros,Reintegro efectivo tarjeta LA CAIXA 5846 MADRID ES,,-270.00,"1,416.03"
01/08/2023,Hogar,"Teléfono, TV e internet","Recibo TELEFONICA DE ESPANA, S. A. U.",,-10.50,"1,686.03"
01/08/2023,Otros gastos,Transferencias,Transferencia emitida periódica,,-75.00,"1,696.53"
31/07/2023,Otros gastos,Pago de impuestos,Cargo cuota SS,,-76.61,"1,771.53"
30/07/2023,Alimentación,Supermercados y alimentación,Pago en SANCHINARRO H. MADRID ES,,-2.46,"1,848.14"
30/07/2023,Alimentación,Supermercados y alimentación,Pago en SANCHINARRO H. MADRID ES,,-18.89,"1,850.60"
29/07/2023,Alimentación,Supermercados y alimentación,Pago en MERCADONA C MA MADRID ES,,-53.33,"1,869.49"
29/07/2023,Compras,Ropa y complementos,Pago en MANGO CC MORALEJA GREEN ALCOBENDAS ES,,-9.99,"1,922.82"
29/07/2023,Compras,Ropa y complementos,Pago en ZARA MADRID CC MORALEJA ALCOBENDAS ES,,-9.99,"1,932.81"
29/07/2023,Alimentación,Supermercados y alimentación,Pago en PALMER MADRID ES,,-2.42,"1,942.80"
29/07/2023,Otros ingresos,Ingresos de otras entidades,Transferencia recibida de CARLOS ANTONIO PEREZ HAURIE GASTOS,,"1,416.00","1,945.22"
28/07/2023,Compras,"Belleza, peluquería y perfumería",Pago en MI PELU MADRID ES,,-24.97,529.22
28/07/2023,Compras,Compras (otros),Pago en EL CORTE INGLES SANCHINARMADRID ES,,-20.99,554.19
28/07/2023,Alimentación,Supermercados y alimentación,Pago en GOURMET DEL PINAR MADRID ES,,-7.66,575.18
28/07/2023,Alimentación,Supermercados y alimentación,Pago en SANCHINARRO H. MADRID ES,,-13.82,582.84
28/07/2023,Compras,Compras (otros),Pago en EL CORTE INGLES SANCHINARMADRID ES,,-69.50,596.66
24/07/2023,Alimentación,Supermercados y alimentación,Pago en PLUS SUPERMERCADOS S.A. MADRID ES,,-21.48,666.16
24/07/2023,Ocio y viajes,Cafeterías y restaurantes,Pago en Gopick Autocine Madr,,-11.50,687.64
22/07/2023,Alimentación,Supermercados y alimentación,Pago en SANCHINARRO H. MADRID ES,,-91.23,699.14
22/07/2023,Compras,Compras (otros),Pago en EL CORTE INGLES SANCHINARMADRID ES,,-11.85,790.37
21/07/2023,Ocio y viajes,"Cine, teatro y espectáculos",Pago en AUTOCINE MADRID MADRID ES,,-29.75,802.22
21/07/2023,Ocio y viajes,"Cine, teatro y espectáculos",Pago en AUTOCINE MADRID MADRID ES,,-10.40,831.97
21/07/2023,Alimentación,Supermercados y alimentación,Pago en PALMER MADRID ES,,-4.82,842.37
21/07/2023,Ocio y viajes,"Cine, teatro y espectáculos",Pago en AUTOCINES 2015 S.L. MADRID ES,,-29.40,847.19
20/07/2023,Ocio y viajes,Cafeterías y restaurantes,Pago en GALOPIZZA S.L. PEDREZUELA ES,,-19.90,876.59
19/07/2023,Alimentación,Supermercados y alimentación,Pago en PLUS SUPERMERCADOS S.A. MADRID ES,,-20.52,896.49
18/07/2023,Otros ingresos,Ingresos de otras entidades,Transferencia recibida de MARIA DEL CARMEN LOPEZ GUIJARRO ,,900.00,917.01
17/07/2023,Alimentación,Supermercados y alimentación,Pago en MERCADONA C MA MADRID ES,,-169.51,17.01
17/07/2023,Otros gastos,Transferencias,Transferencia emitida a MCARMEN LOPEZ GUIJARRO Pollería,,-30.00,186.52
16/07/2023,Alimentación,Supermercados y alimentación,Pago en ESPEJITO ESPEJITO MADRID SAN SEBASTIANES,,-5.40,216.52
15/07/2023,Alimentación,Supermercados y alimentación,Pago en HERMANOS OLIVARES CACERESAYLLON ES,,-3.43,221.92
14/07/2023,Ocio y viajes,Cafeterías y restaurantes,Pago en RESTAURANTE EL PARRAL AYLLON ES,,-100.00,225.35
14/07/2023,Ocio y viajes,Cafeterías y restaurantes,Pago en BAR RESTAURANTE PEMAR AYLLON ES,,-7.50,325.35
14/07/2023,Alimentación,Supermercados y alimentación,Pago en HERMANOS OLIVARES CACERESAYLLON ES,,-10.37,332.85
14/07/2023,Vehículo y transporte,Gasolina y combustible,Pago en E.S. JESUS DIAZ DIAZ ALCOBENDAS ES,,-30.00,343.22
13/07/2023,Compras,Ropa y complementos,Pago en MADRIDNORTE SERV FRANQUICMADRID ES,,-34.44,373.22
12/07/2023,Alimentación,Supermercados y alimentación,Pago en AHORRAMAS 1049 LAS TABLASMADRID ES,,-10.99,407.66
12/07/2023,Compras,Regalos y juguetes,Pago en PLAZA CHINA MADRID ES,,-2.80,418.65
10/07/2023,Alimentación,Supermercados y alimentación,Pago en MERCADONA MONTEBURGOS MADRID ES,,-19.00,421.45
10/07/2023,Alimentación,Supermercados y alimentación,Pago en ALDI MADRID QUINTANAVIDESMADRID ES,,-54.23,440.45
08/07/2023,Alimentación,Supermercados y alimentación,Pago en MARKET EL ENCINAR MADRID ES,,-54.24,494.68
07/07/2023,Ocio y viajes,Cafeterías y restaurantes,Pago en OP DE SERV SANCHINARRO MADRID ES,,-90.00,548.92
07/07/2023,Alimentación,Supermercados y alimentación,Pago en SANCHINARRO H. MADRID ES,,-42.18,638.92
07/07/2023,Compras,Compras (otros),Pago en EL CORTE INGLES SANCHINARMADRID ES,,-44.80,681.10
07/07/2023,Educación y salud,"Farmacia, herbolario y nutrición",Pago en PromoFarma,,-45.90,725.90
05/07/2023,Alimentación,Supermercados y alimentación,Pago en MERCADONA C MA MADRID ES,,-25.93,771.80
05/07/2023,Educación y salud,Educación,Pago en LA CASITA DE INGLES SANCHMADRID ES,,-50.00,797.73
04/07/2023,Otros gastos,Transferencias,Transferencia emitida a MCARMEN LOPEZ GUIJARRO Pago fútbol jandri,,-200.00,847.73
03/07/2023,Educación y salud,"Farmacia, herbolario y nutrición",Pago en FARMACIA PRINCIPE CARLOS MADRID ES,,-4.95,"1,047.73"
02/07/2023,Alimentación,Supermercados y alimentación,Pago en MERCADONA COLMENA GETAFE GETAFE ES,,-211.43,"1,052.68"
02/07/2023,Hogar,Luz y gas,"Recibo IBERDROLA CLIENTES, S.A.U",,-52.80,"1,264.11"
02/07/2023,Hogar,"Teléfono, TV e internet","Recibo TELEFONICA DE ESPANA, S. A. U.",,-10.00,"1,316.91"
02/07/2023,Otros gastos,Otros gastos (otros),"Recibo C.P. NICETO ALCALA ZAMORA 24-42 CL Niceto Alcala Zamora, 24",,-167.67,"1,326.91"
02/07/2023,Otros gastos,Transferencias,Transferencia emitida periódica,,-75.00,"1,494.58"
01/07/2023,Alimentación,Supermercados y alimentación,Pago en SANCHINARRO H. MADRID ES,,-10.01,"1,569.58"
29/06/2023,Alimentación,Supermercados y alimentación,Pago en MIALCAMPO PRINCIPE CARLOSMADRID ES,,-25.87,"1,579.59"
29/06/2023,Otros gastos,Pago de impuestos,Cargo cuota SS,,-76.61,"1,605.46"
29/06/2023,Otros ingresos,Ingresos de otras entidades,"Transferencia recibida de IBERDROLA CLIENTES, S.A.U ABONO IBERDROLA 1019809234",,117.25,"1,682.07"
29/06/2023,Otros ingresos,Ingresos de otras entidades,Transferencia recibida de CARLOS ANTONIO PEREZ HAURIE GASTOS,,"1,416.00","1,564.82"
28/06/2023,Otros gastos,Transferencias,Transferencia emitida periódica,,-263.00,148.82
26/06/2023,Alimentación,Supermercados y alimentación,Pago en MIALCAMPO PRINCIPE CARLOSMADRID ES,,-11.82,411.82
24/06/2023,Alimentación,Supermercados y alimentación,Pago en SANCHINARRO H. MADRID ES,,-15.87,423.64
24/06/2023,Educación y salud,Deporte y gimnasio,Pago en DECATHLON ALCOBENDAS ALCOBENDAS ES,,-17.99,439.51
24/06/2023,Educación y salud,Deporte y gimnasio,Pago en DECATHLON ALCOBENDAS ALCOBENDAS ES,,-93.96,457.50
23/06/2023,Compras,Regalos y juguetes,Pago en GRAN AHORRO MADRID ES,,-8.70,551.46
23/06/2023,Alimentación,Supermercados y alimentación,Pago en MERCADONA C MA MADRID ES,,-7.40,560.16
23/06/2023,Alimentación,Supermercados y alimentación,Pago en MERCADONA C MA MADRID ES,,-146.97,567.56
21/06/2023,Compras,"Belleza, peluquería y perfumería",Pago en MI PELU MADRID ES,,-27.00,714.53
21/06/2023,Educación y salud,Deporte y gimnasio,Pago en C.D.E.V. SANCHINARRO MADRID ES,,-200.00,741.53
19/06/2023,Alimentación,Supermercados y alimentación,Pago en SANCHINARRO H. MADRID ES,,-12.49,941.53
18/06/2023,Otros ingresos,Ingresos de otras entidades,Transferencia recibida de MARIA DEL CARMEN LOPEZ GUIJARRO ,,900.00,954.02
18/06/2023,Alimentación,Supermercados y alimentación,Pago en DIA SANCHINARRO MADRID ES,,-28.32,54.02
17/06/2023,Alimentación,Supermercados y alimentación,Pago en AUTOSERVICIO MADRID ES,,-10.55,82.34
15/06/2023,Alimentación,Supermercados y alimentación,Pago en MERCADONA ONLINE WEB ES,,-171.17,92.89
15/06/2023,Movimientos excluidos,Traspaso entre cuentas,Traspaso recibido Cuenta Nómina Movimiento ING,,100.00,264.06
14/06/2023,Alimentación,Supermercados y alimentación,Pago en MIALCAMPO PRINCIPE CARLOSMADRID ES,,-2.55,164.06
12/06/2023,Otros ingresos,Ingresos de otras entidades,Transferencia recibida de MARIA DEL CARMEN LOPEZ GUIJARRO ,,200.00,166.61
11/06/2023,Movimientos excluidos,Traspaso entre cuentas,Traspaso recibido Cuenta Nómina Movimiento ING,,200.00,-33.39
11/06/2023,Alimentación,Supermercados y alimentación,Pago en DIA SANCHINARRO MADRID ES,,-8.74,-233.39
11/06/2023,Alimentación,Supermercados y alimentación,Pago en MIALCAMPO PRINCIPE CARLOSMADRID ES,,-36.08,-224.65
11/06/2023,Hogar,Luz y gas,Recibo BASER COMER. REFER. SA,,-29.44,-188.57
10/06/2023,Alimentación,Supermercados y alimentación,Pago en PALMER MADRID ES,,-3.94,-159.13
08/06/2023,Otros gastos,Otros gastos (otros),"Recibo C.P. NICETO ALCALA ZAMORA 24-42 CL Niceto Alcala Zamora, 24",,-222.04,-155.19
07/06/2023,Alimentación,Supermercados y alimentación,Pago en MERCADONA C MA MADRID ES,,-84.05,66.85
06/06/2023,Compras,Regalos y juguetes,Pago en BAZAR LONG MADRID ES,,-3.30,150.90
06/06/2023,Alimentación,Supermercados y alimentación,Pago en MIALCAMPO PRINCIPE CARLOSMADRID ES,,-17.45,154.20
05/06/2023,Hogar,Agua,"Recibo CANAL DE ISABEL II GESTION, S.",,-46.60,171.65
04/06/2023,Alimentación,Supermercados y alimentación,Pago en MERCADONA C MA MADRID ES,,-5.77,218.25
04/06/2023,Ocio y viajes,Cafeterías y restaurantes,Pago en LA MURALLA MADRID ES,,-1.70,224.02
04/06/2023,Compras,Ropa y complementos,Devolución Tarjeta ZARA MADRID VAGUADA A34 MADRID ES,,29.95,225.72
04/06/2023,Hogar,Luz y gas,"Recibo IBERDROLA CLIENTES, S.A.U",,-50.61,195.77
03/06/2023,Alimentación,Supermercados y alimentación,Pago en CARREF S S DE LOS REYES S S REYES ES,,-105.87,246.38
03/06/2023,Compras,Compras (otros),Pago en Amazon.es*ZO8E21NQ5,,-68.00,352.25
02/06/2023,Hogar,Mantenimiento del hogar,Pago en FLORISTERIA MADRID ES,,-14.00,420.25
31/05/2023,Alimentación,Supermercados y alimentación,Pago en MERCADONA C MA MADRID ES,,-153.82,434.25
31/05/2023,Educación y salud,Educación,Pago en LA CASITA DE INGLES SANCHMADRID ES,,-47.50,588.07
31/05/2023,Educación y salud,Educación,Pago en LA CASITA DE INGLES SANCHMADRID ES,,-45.13,635.57
31/05/2023,Educación y salud,Educación,Recibo SERVICIOS EDUCATIVOS EL VALLE DE SAN CHI,,-301.00,680.70
31/05/2023,Hogar,"Teléfono, TV e internet","Recibo TELEFONICA DE ESPANA, S. A. U.",,-10.74,981.70
31/05/2023,,,"Recibo SERVICIOS EDUCATIVOS EL VALLE DE SANCHINARRO, SLL",,-301.00,992.44
31/05/2023,Otros gastos,Transferencias,Transferencia emitida periódica,,-75.00,"1,293.44"
30/05/2023,Alimentación,Supermercados y alimentación,Pago en MIALCAMPO PRINCIPE CARLOSMADRID ES,,-6.13,"1,368.44"
30/05/2023,Otros gastos,Pago de impuestos,Cargo cuota SS,,-76.61,"1,374.57"
30/05/2023,Otros gastos,Pago de impuestos,Recibo AYUNTAMIENTO DE MADRID,,-129.00,"1,451.18"
29/05/2023,Alimentación,Supermercados y alimentación,Pago en MERCADONA C MA MADRID ES,,-10.12,"1,580.18"
29/05/2023,Otros gastos,Otros gastos (otros),"Recibo DESARROLLOS ECOLOGICOS EL VALLE, SL",,-91.50,"1,590.30"
29/05/2023,Otros ingresos,Ingresos de otras entidades,Transferencia recibida de CARLOS ANTONIO PEREZ HAURIE GASTOS,,"1,416.00","1,681.80"
28/05/2023,Alimentación,Supermercados y alimentación,Pago en MERCADONA C MA MADRID ES,,-12.40,265.80
28/05/2023,Otros gastos,Transferencias,Transferencia emitida periódica,,-263.00,278.20
27/05/2023,Ocio y viajes,Cafeterías y restaurantes,Pago en EL ESPIEDO MADRID ES,,-20.30,541.20
26/05/2023,Alimentación,Supermercados y alimentación,Pago en MERCADONA C MA MADRID ES,,-9.05,561.50
26/05/2023,Alimentación,Supermercados y alimentación,Pago en MERCADONA C MA MADRID ES,,-112.06,570.55
25/05/2023,Alimentación,Supermercados y alimentación,Pago en EMB BELLOTA FRUTA ALCOBENALCOBENDAS ES,,-11.94,682.61
24/05/2023,Alimentación,Supermercados y alimentación,Pago en DIA SAN CHINARRO MADRID ES,,-2.99,694.55
24/05/2023,Alimentación,Supermercados y alimentación,Pago en MIALCAMPO PRINCIPE CARLOSMADRID ES,,-4.83,697.54
23/05/2023,Alimentación,Supermercados y alimentación,Pago en ALDI MADRID QUINTANAVIDESMADRID ES,,-37.21,702.37
22/05/2023,Alimentación,Supermercados y alimentación,Pago en MIALCAMPO PRINCIPE CARLOSMADRID ES,,-8.74,739.58
20/05/2023,Alimentación,Supermercados y alimentación,Pago en PLUS SUPERMERCADOS S.A. MADRID ES,,-18.12,748.32
20/05/2023,Compras,Ropa y complementos,Pago en ZARA MADRID CC MORALEJA ALCOBENDAS ES,,-29.95,766.44
19/05/2023,Alimentación,Supermercados y alimentación,Pago en MERCADONA C MA MADRID ES,,-79.99,796.39
19/05/2023,Otros ingresos,Ingresos de otras entidades,Transferencia recibida de MARIA DEL CARMEN LOPEZ GUIJARRO ,,900.00,876.38
18/05/2023,Alimentación,Supermercados y alimentación,Pago en DIA SAN CHINARRO MADRID ES,,-10.57,-23.62
18/05/2023,Alimentación,Supermercados y alimentación,Pago en MIALCAMPO PRINCIPE CARLOSMADRID ES,,-12.21,-13.05
16/05/2023,Alimentación,Supermercados y alimentación,Pago en MIALCAMPO PRINCIPE CARLOSMADRID ES,,-7.96,-0.84
15/05/2023,Alimentación,Supermercados y alimentación,Pago en SANCHINARRO H. MADRID ES,,-20.00,7.12
15/05/2023,Alimentación,Supermercados y alimentación,Devolución Tarjeta CAMPO DE LAS NA MADRID ES,,20.00,27.12
14/05/2023,Alimentación,Supermercados y alimentación,Pago en EL CORTE INGLES VENTA DISMADRID ES,,-20.00,7.12
14/05/2023,Ocio y viajes,Cafeterías y restaurantes,Pago en MC DONLADS CARREFOUR ALCOALCOBENDAS ES,,-5.22,27.12
14/05/2023,Educación y salud,"Farmacia, herbolario y nutrición",Pago en FARMACIA CONDE MAYALDE MADRID ES,,-5.85,32.34
14/05/2023,Alimentación,Supermercados y alimentación,Pago en PALMER MADRID ES,,-1.64,38.19
12/05/2023,Otros ingresos,Ingresos de otras entidades,Transferencia recibida de MARIA DEL CARMEN LOPEZ GUIJARRO Regalo abuelo paco,,50.00,39.83
11/05/2023,Ocio y viajes,Ocio y viajes (otros),Pago en EasyPark Espana S.L.U.,,-2.13,-10.17
10/05/2023,Hogar,Luz y gas,"Recibo IBERDROLA CLIENTES, S.A.U",,-144.41,-8.04
09/05/2023,Alimentación,Supermercados y alimentación,Pago en MERCADONA C MA MADRID ES,,-52.20,136.37
07/05/2023,Compras,Regalos y juguetes,Pago en PLAZA CHINA MADRID ES,,-10.50,188.57
07/05/2023,Alimentación,Supermercados y alimentación,Pago en MERCADONA MONTEBURGOS MADRID ES,,-39.39,199.07
06/05/2023,Alimentación,Supermercados y alimentación,Pago en SANCHINARRO H. MADRID ES,,-4.78,238.46
06/05/2023,Alimentación,Supermercados y alimentación,Pago en SANCHINARRO H. MADRID ES,,-22.14,243.24
06/05/2023,Compras,Compras (otros),Pago en EL CORTE INGLES SANCHINARMADRID ES,,-9.99,265.38
04/05/2023,Alimentación,Supermercados y alimentación,Pago en MERCADONA MONTEBURGOS MADRID ES,,-32.90,275.37
04/05/2023,Otros ingresos,Ingresos de otras entidades,Transferencia recibida de MARIA DEL CARMEN LOPEZ GUIJARRO 400- 24 Edy - 10 regalo kike - 119 freidora - 30 ing,,217.00,308.27
04/05/2023,Otros ingresos,Otros ingresos (otros),Traspaso interno recibido Gastos,,30.00,91.27
04/05/2023,Otros ingresos,Ingresos de otras entidades,Transferencia recibida de SANITAS SOCIEDAD ANONIMA DE SEGUROS 0002126580 / 04059132 / 1202301295404011,,3.20,61.27
04/05/2023,Otros ingresos,Ingresos de otras entidades,Transferencia recibida de SANITAS SOCIEDAD ANONIMA DE SEGUROS 0002126579 / 04059129 / 1202301295398011,,2.29,58.07
04/05/2023,Otros ingresos,Ingresos de otras entidades,Transferencia recibida de SANITAS SOCIEDAD ANONIMA DE SEGUROS 0002126008 / 04059140 / 1202301295414011,,9.30,55.78
03/05/2023,Hogar,Luz y gas,"Recibo IBERDROLA CLIENTES, S.A.U",,-45.42,46.48
02/05/2023,Alimentación,Supermercados y alimentación,Pago en MERCADONA C MA MADRID ES,,-75.31,91.90
02/05/2023,Movimientos excluidos,Traspaso entre cuentas,Traspaso recibido Cuenta Nómina Movimiento ING,,400.00,167.21
02/05/2023,Educación y salud,Educación,Recibo SERVICIOS EDUCATIVOS EL VALLE DE SAN CHI,,-301.00,-232.79
02/05/2023,Educación y salud,Educación,"Recibo SERVICIOS EDUCATIVOS EL VALLE DE SANCHINARRO, SLL",,-301.00,68.21
01/05/2023,Ocio y viajes,Ocio y viajes (otros),Pago en EasyPark Espana S.L.U.,,-2.76,369.21
01/05/2023,Alimentación,Supermercados y alimentación,Pago en MIALCAMPO PRINCIPE CARLOSMADRID ES,,-53.66,371.97
01/05/2023,Alimentación,Supermercados y alimentación,Pago en MIALCAMPO PRINCIPE CARLOSMADRID ES,,-3.89,425.63
01/05/2023,Hogar,"Teléfono, TV e internet","Recibo TELEFONICA DE ESPANA, S. A. U.",,-10.99,429.52
01/05/2023,Otros gastos,Otros gastos (otros),"Recibo C.P. NICETO ALCALA ZAMORA 24-42 CL Niceto Alcala Zamora, 24",,-222.04,440.51
01/05/2023,Otros gastos,Transferencias,Transferencia emitida periódica,,-75.00,662.55
01/05/2023,Otros gastos,Transferencias,Transferencia emitida periódica,,-263.00,737.55
30/04/2023,Educación y salud,Educación,Pago en LA CASITA DE INGLES SANCHMADRID ES,,-95.00,"1,000.55"
30/04/2023,Educación y salud,Educación,Pago en LA CASITA DE INGLES SANCHMADRID ES,,-90.00,"1,095.55"
29/04/2023,Compras,Compras (otros),Pago en AMZN Mktp ES*AJ0RL8IC5,,-17.99,"1,185.55"
28/04/2023,Alimentación,Supermercados y alimentación,Pago en DIA SANCHINARRO MADRID ES,,-3.50,"1,203.54"
28/04/2023,Alimentación,Supermercados y alimentación,Pago en PALMER MADRID ES,,-28.00,"1,207.04"
28/04/2023,Ocio y viajes,Cafeterías y restaurantes,Pago en FU LI TU MADRID ES,,-36.45,"1,235.04"
27/04/2023,Compras,Compras (otros),Pago en DNIPASAPORTE TETUAN MADRID ES,,-12.00,"1,271.49"
27/04/2023,Compras,Compras (otros),Pago en DNIPASAPORTE TETUAN MADRID ES,,-12.00,"1,283.49"
27/04/2023,Otros gastos,Pago de impuestos,Cargo cuota SS,,-66.38,"1,295.49"
27/04/2023,Otros ingresos,Ingresos de otras entidades,Transferencia recibida de CARLOS ANTONIO PEREZ HAURIE ,,"1,216.00","1,361.87"
26/04/2023,Compras,Compras (otros),Pago en EL CORTE INGLES SANCHINARMADRID ES,,-12.50,145.87
26/04/2023,Alimentación,Supermercados y alimentación,Pago en MERCADONA MONTEBURGOS MADRID ES,,-51.47,158.37
25/04/2023,Educación y salud,"Farmacia, herbolario y nutrición",Pago en CONCEPCION PEREZ Y MARISOMADRID ES,,-4.58,209.84
25/04/2023,Educación y salud,"Farmacia, herbolario y nutrición",Pago en FCIA RAFAEL FUENTES MADRID ES,,-6.40,214.42
25/04/2023,Compras,Compras (otros),Pago en AMZN Mktp ES*KC2868AF5,,-32.99,220.82
24/04/2023,Alimentación,Supermercados y alimentación,Pago en MERCADONA C MA MADRID ES,,-32.08,253.81
24/04/2023,Alimentación,Supermercados y alimentación,Pago en MIALCAMPO PRINCIPE CARLOSMADRID ES,,-10.37,285.89
22/04/2023,Alimentación,Supermercados y alimentación,Pago en SANCHINARRO H. MADRID ES,,-45.23,296.26
22/04/2023,Alimentación,Supermercados y alimentación,Pago en SANCHINARRO H. MADRID ES,,-46.24,341.49
22/04/2023,Alimentación,Supermercados y alimentación,Pago en PLUS SUPERMERCADOS S.A. MADRID ES,,-8.95,387.73
22/04/2023,Alimentación,Supermercados y alimentación,Pago en PLUS SUPERMERCADOS S.A. MADRID ES,,-51.21,396.68
21/04/2023,Alimentación,Supermercados y alimentación,Pago en MERCADONA MONTEBURGOS MADRID ES,,-25.30,447.89
20/04/2023,Educación y salud,"Farmacia, herbolario y nutrición",Pago en FARMACIA PRINCIPE CARLOS MADRID ES,,-18.59,473.19
20/04/2023,Hogar,Luz y gas,"Recibo IBERDROLA CLIENTES, S.A.U",,-305.16,491.78
19/04/2023,Movimientos excluidos,Traspaso entre cuentas,Traspaso interno emitido Devolución adelanto,,-50.00,796.94
19/04/2023,Compras,Compras (otros),Pago en EL CORTE INGLES SANCHINARMADRID ES,,-69.95,846.94
19/04/2023,Otros ingresos,Ingresos de otras entidades,Transferencia recibida de MARIA DEL CARMEN LOPEZ GUIJARRO Gastos,,900.00,916.89
18/04/2023,Alimentación,Supermercados y alimentación,Pago en PALMER MADRID ES,,-1.64,16.89
18/04/2023,Vehículo y transporte,Mantenimiento de vehículo,Pago en ESTACION SERVICIO PINA MADRID ES,,-49.00,18.53
18/04/2023,Movimientos excluidos,Traspaso entre cuentas,Traspaso interno recibido ITV Mazda 3,,50.00,67.53
16/04/2023,Alimentación,Supermercados y alimentación,Pago en MIALCAMPO PRINCIPE CARLOSMADRID ES,,-21.70,17.53
14/04/2023,Alimentación,Supermercados y alimentación,Pago en MERCADONA MONTEBURGOS MADRID ES,,-45.93,39.23
13/04/2023,Alimentación,Supermercados y alimentación,Pago en SANCHINARRO H. MADRID ES,,-47.02,85.16
12/04/2023,Otros ingresos,Ingresos de otras entidades,Transferencia recibida de MARIA DEL CARMEN LOPEZ GUIJARRO ,,150.00,132.18
12/04/2023,Alimentación,Supermercados y alimentación,Devolución Tarjeta MERCADONA COLMENA GETAFE GETAFE ES,,1.30,-17.82
12/04/2023,Compras,Compras (otros),Pago en Amazon.es*5D3IP82U5,,-17.99,-19.12
12/04/2023,Compras,Compras (otros),Pago en AMZN MKTP ES*7A1EC6WX5,,-29.99,-1.13
10/04/2023,Compras,Compras (otros),Devolución Tarjeta EL CORTE INGLES SANCHINARMADRID ES,,12.50,28.86
10/04/2023,Movimientos excluidos,Traspaso entre cuentas,Traspaso recibido Cuenta Nómina Movimiento ING,,150.00,16.36
10/04/2023,Otros ingresos,Ingresos de otras entidades,Transferencia recibida de MARIA DEL CARMEN LOPEZ GUIJARRO Mas gastos menos la compra de la polleria,,80.00,-133.64
10/04/2023,Alimentación,Supermercados y alimentación,Pago en MERCADONA ONLINE WEB ES,,-222.27,-213.64
10/04/2023,Movimientos excluidos,Traspaso entre cuentas,Traspaso recibido Cuenta Nómina Movimiento ING,,100.00,8.63
10/04/2023,Educación y salud,Educación,"Recibo SERVICIOS EDUCATIVOS EL VALLE DE SANCHINARRO, SLL",,-58.50,-91.37
10/04/2023,Educación y salud,Educación,"Recibo SERVICIOS EDUCATIVOS EL VALLE DE SANCHINARRO, SLL",,-58.50,-32.87
10/04/2023,Hogar,Luz y gas,Recibo Red Ofisat S.L.U.,,-182.41,25.63
08/04/2023,Alimentación,Supermercados y alimentación,Pago en MIALCAMPO PRINCIPE CARLOSMADRID ES,,-49.06,208.04
05/04/2023,Alimentación,Supermercados y alimentación,Pago en LUPA P.ESTRADA COMILLAS COMILLAS ES,,-53.24,257.10
04/04/2023,Educación y salud,Educación,Devolución Tarjeta LA CASITA DE INGLES SANCHMADRID ES,,95.00,310.34
03/04/2023,Alimentación,Supermercados y alimentación,Pago en LUPA P.ESTRADA COMILLAS COMILLAS ES,,-6.74,215.34
03/04/2023,Otros gastos,Cajeros,Reintegro efectivo tarjeta UNICAJA COMILLAS ES,,-50.00,222.08
03/04/2023,Movimientos excluidos,Traspaso entre cuentas,Traspaso interno recibido Movimiento ING,,100.00,272.08
03/04/2023,Otros ingresos,Ingresos de otras entidades,Transferencia recibida de MARIA DEL CARMEN LOPEZ GUIJARRO ,,300.00,172.08
03/04/2023,Educación y salud,Educación,Pago en LA CASITA DE INGLES SANCHMADRID ES,,-95.00,-127.92
03/04/2023,Otros gastos,Otros gastos (otros),"Recibo DESARROLLOS ECOLOGICOS EL VALLE, SL",,-91.50,-32.92
02/04/2023,Alimentación,Supermercados y alimentación,Pago en LUPA P.ESTRADA COMILLAS COMILLAS ES,,-7.05,58.58
02/04/2023,Alimentación,Supermercados y alimentación,Pago en LUPA P.ESTRADA COMILLAS COMILLAS ES,,-39.86,65.63
02/04/2023,Movimientos excluidos,Traspaso entre cuentas,Traspaso emitido Cuenta Nómina Devolución anticipo carlos,,-300.00,105.49
02/04/2023,Hogar,Agua,"Recibo CANAL DE ISABEL II GESTION, S.",,-47.47,405.49
02/04/2023,Hogar,Luz y gas,"Recibo IBERDROLA CLIENTES, S.A.U",,-58.36,452.96
02/04/2023,Hogar,"Teléfono, TV e internet","Recibo TELEFONICA DE ESPANA, S. A. U.",,-10.99,511.32
02/04/2023,Educación y salud,Educación,Recibo SERVICIOS EDUCATIVOS EL VALLE DE SAN CHI,,-301.00,522.31
02/04/2023,Educación y salud,Educación,"Recibo SERVICIOS EDUCATIVOS EL VALLE DE SANCHINARRO, SLL",,-301.00,823.31
02/04/2023,Otros gastos,Otros gastos (otros),"Recibo C.P. NICETO ALCALA ZAMORA 24-42 CL Niceto Alcala Zamora, 24",,-222.04,"1,124.31"
02/04/2023,Otros gastos,Transferencias,Transferencia emitida periódica,,-75.00,"1,346.35"
01/04/2023,Educación y salud,"Farmacia, herbolario y nutrición",Pago en FCIA.BUSTO BARBARIN COMILLAS ES,,-18.10,"1,421.35"
01/04/2023,Educación y salud,Educación,Pago en LA CASITA DE INGLES SANCHMADRID ES,,-90.00,"1,439.45"
31/03/2023,Alimentación,Supermercados y alimentación,Pago en MERCADONA POL LAS NAVAS CABEZON DE LAES,,-82.64,"1,529.45"
31/03/2023,Educación y salud,"Farmacia, herbolario y nutrición",Pago en FARMACIA PRINCIPE CARLOS MADRID ES,,-17.08,"1,612.09"
31/03/2023,Compras,"Belleza, peluquería y perfumería",Pago en MI PELU MADRID ES,,-27.00,"1,629.17"
31/03/2023,Otros ingresos,Ingresos de otras entidades,Transferencia recibida de CARLOS ANTONIO PEREZ HAURIE ,,"1,216.00","1,656.17"
31/03/2023,Otros ingresos,Otros ingresos (otros),Traspaso recibido Cuenta Nómina Movimiento ING,,500.00,440.17
31/03/2023,Educación y salud,Educación,Pago en LA CASITA DE INGLES SANCHMADRID ES,,-95.00,-59.83
30/03/2023,Alimentación,Supermercados y alimentación,Pago en MERCADONA C MA MADRID ES,,-112.68,35.17
28/03/2023,Educación y salud,"Farmacia, herbolario y nutrición",Pago en FARMACIA PRINCIPE CARLOS MADRID ES,,-17.13,147.85
28/03/2023,Alimentación,Supermercados y alimentación,Pago en MERCADONA MONTEBURGOS MADRID ES,,-50.40,164.98
28/03/2023,Otros gastos,Transferencias,Traspaso emitido Cuenta Nómina Cumple Jandri y ratoncito manu,,-30.00,215.38
28/03/2023,Otros gastos,Transferencias,Transferencia emitida a EDY ISABEL MONTOYA MORALES Nomina Edy,,-263.00,245.38
25/03/2023,Compras,Compras (otros),Pago en EL CORTE INGLES SANCHINARMADRID ES,,-3.70,508.38
24/03/2023,Alimentación,Supermercados y alimentación,Pago en MERCADONA C MA MADRID ES,,-62.79,512.08
24/03/2023,Educación y salud,"Farmacia, herbolario y nutrición",Pago en FARMACIA CRISTINA GUTIERRMADRID ES,,-3.90,574.87
23/03/2023,Alimentación,Supermercados y alimentación,Pago en MERCADONA MONTEBURGOS MADRID ES,,-30.27,578.77
22/03/2023,Compras,Compras (otros),Pago en Amazon.es*1X7MU1V94,,-11.87,609.04
21/03/2023,Alimentación,Supermercados y alimentación,Pago en MERCADONA MONTEBURGOS MADRID ES,,-53.02,620.91
20/03/2023,Alimentación,Supermercados y alimentación,Pago en MERCADONA MONTEBURGOS MADRID ES,,-20.61,673.93
20/03/2023,Compras,Compras (otros),Pago en Amazon.es*1X1H10AZ4,,-19.99,694.54
20/03/2023,Compras,Compras (otros),Pago en AMZN Mktp ES*1X0AV0A64,,-27.99,714.53
19/03/2023,Educación y salud,"Farmacia, herbolario y nutrición",Pago en FCIA RAFAEL FUENTES MADRID ES,,-3.65,742.52
19/03/2023,Compras,Compras (otros),Pago en EL CORTE INGLES SANCHINARMADRID ES,,-12.50,746.17
19/03/2023,Compras,Regalos y juguetes,Pago en BAZAR LONG MADRID ES,,-2.20,758.67
18/03/2023,Ocio y viajes,Cafeterías y restaurantes,Pago en GASTROBAR KEXUA SL AYLLON ES,,-76.60,760.87
18/03/2023,Otros ingresos,Ingresos de otras entidades,Transferencia recibida de MARIA DEL CARMEN LOPEZ GUIJARRO Gastos,,900.00,837.47
17/03/2023,Ocio y viajes,Cafeterías y restaurantes,Pago en CENTRAL MEXICANA POZUELO DE ALES,,-45.00,-62.53
17/03/2023,Alimentación,Supermercados y alimentación,Pago en LA PLAZA MADRID ES,,-19.71,-17.53
17/03/2023,Alimentación,Supermercados y alimentación,Pago en DIA SANCHINARRO MADRID ES,,-9.70,2.18
17/03/2023,Alimentación,Supermercados y alimentación,Pago en OBRADOR DE GOYA SANCHINARMADRID ES,,-7.50,11.88
17/03/2023,Alimentación,Supermercados y alimentación,Pago en MIALCAMPO PRINCIPE CARLOSMADRID ES,,-13.66,19.38
16/03/2023,Alimentación,Supermercados y alimentación,Pago en PLUS SUPERMERCADOS S.A. MADRID ES,,-35.19,33.04
14/03/2023,Movimientos excluidos,Traspaso entre cuentas,Traspaso emitido Cuenta Nómina devolucion,,-200.00,68.23
14/03/2023,Otros ingresos,Ingresos de otras entidades,Transferencia recibida de MARIA DEL CARMEN LOPEZ GUIJARRO Puto gas,,200.00,268.23
13/03/2023,Movimientos excluidos,Traspaso entre cuentas,Traspaso recibido Cuenta Nómina descubierto ,,400.00,68.23
13/03/2023,Hogar,Luz y gas,"Recibo IBERDROLA CLIENTES, S.A.U",,-401.11,-331.77
12/03/2023,Alimentación,Supermercados y alimentación,Pago en MERCADONA ONLINE WEB ES,,-212.58,69.34
11/03/2023,Alimentación,Supermercados y alimentación,Pago en SANCHINARRO H. MADRID ES,,-9.45,281.92
11/03/2023,Otros ingresos,Ingresos de otras entidades,Transferencia recibida de MARIA DEL CARMEN LOPEZ GUIJARRO ,,150.00,291.37
10/03/2023,Alimentación,Supermercados y alimentación,Pago en MIALCAMPO PRINCIPE CARLOSMADRID ES,,-2.59,141.37
10/03/2023,Alimentación,Supermercados y alimentación,Pago en MIALCAMPO PRINCIPE CARLOSMADRID ES,,-24.45,143.96
07/03/2023,Otros ingresos,Otros ingresos (otros),Traspaso interno recibido mas gastos,,150.00,168.41
07/03/2023,Otros gastos,Transferencias,Transferencia emitida a MCARMEN LOPEZ GUIJARRO Zoo,,-20.00,18.41
06/03/2023,Alimentación,Supermercados y alimentación,Pago en MIALCAMPO PRINCIPE CARLOSMADRID ES,,-10.36,38.41
06/03/2023,Vehículo y transporte,Parking y garaje,Pago en HOSPITAL LA MOR MADRID ES,,-1.90,48.77
06/03/2023,Otros gastos,Otros gastos (otros),"Recibo C.P. NICETO ALCALA ZAMORA 24-42 CL Niceto Alcala Zamora, 24",,-222.04,50.67
04/03/2023,Alimentación,Supermercados y alimentación,Pago en MIALCAMPO PRINCIPE CARLOSMADRID ES,,-8.82,272.71
03/03/2023,Alimentación,Supermercados y alimentación,Pago en MERCADONA C MA MADRID ES,,-175.02,281.53
02/03/2023,Compras,Compras (otros),Pago en ATRAPALO.COM BARCELONA ES,,-43.40,456.55
02/03/2023,Hogar,Luz y gas,"Recibo IBERDROLA CLIENTES, S.A.U",,-41.81,499.95
01/03/2023,Ocio y viajes,"Libros, música y videojuegos",Pago en I.C.R. RUBIO S.L. ALCOBENDAS ES,,-4.70,541.76
01/03/2023,Otros ingresos,Ingresos de otras entidades,Transferencia recibida de MARIA DEL CARMEN LOPEZ GUIJARRO Campamento,,330.00,546.46
01/03/2023,Movimientos excluidos,Traspaso entre cuentas,Traspaso recibido Cuenta Nómina campamentos,,330.00,216.46
28/02/2023,Hogar,"Teléfono, TV e internet","Recibo TELEFONICA DE ESPANA, S. A. U.",,-10.50,-113.54
28/02/2023,Educación y salud,Educación,Pago en LA CASITA DE INGLES SANCHMADRID ES,,-90.00,-103.04
28/02/2023,Educación y salud,Educación,Recibo SERVICIOS EDUCATIVOS EL VALLE DE SAN CHI,,-301.00,-13.04
28/02/2023,Educación y salud,Educación,"Recibo SERVICIOS EDUCATIVOS EL VALLE DE SANCHINARRO, SLL",,-301.00,287.96
28/02/2023,Otros gastos,Transferencias,Transferencia emitida periódica,,-75.00,588.96
27/02/2023,Educación y salud,Educación,Pago en LA CASITA DE INGLES SANCHMADRID ES,,-95.00,663.96
27/02/2023,Movimientos excluidos,Traspaso entre cuentas,Traspaso emitido Cuenta Nómina devolución adelanto campamento educa sport ,,-660.00,758.96
27/02/2023,Otros ingresos,Ingresos de otras entidades,Transferencia recibida de CARLOS ANTONIO PEREZ HAURIE ,,"1,216.00","1,418.96"
27/02/2023,Otros gastos,Transferencias,Transferencia emitida periódica,,-230.00,202.96
27/02/2023,Otros gastos,Transferencias,Transferencia emitida a Educa Sport SF HERMANOS PEREZ LOPEZ,,-660.00,432.96
26/02/2023,Otros ingresos,Otros ingresos (otros),Traspaso recibido Cuenta Nómina Campamentos Verano Educasport,,660.00,"1,092.96"
26/02/2023,Otros gastos,Transferencias,Transferencia emitida a MCARMEN LOPEZ GUIJARRO Pollería,,-40.00,432.96
25/02/2023,Alimentación,Supermercados y alimentación,Pago en SANCHINARRO H. MADRID ES,,-39.44,472.96
25/02/2023,Compras,Compras (otros),Pago en EL CORTE INGLES SANCHINARMADRID ES,,-14.99,512.40
25/02/2023,Compras,Compras (otros),Pago en EL CORTE INGLES SANCHINARMADRID ES,,-12.57,527.39
25/02/2023,Ocio y viajes,Cafeterías y restaurantes,Pago en CALAMILLOR SANCHINARRO MADRID ES,,-3.40,539.96
24/02/2023,Compras,Regalos y juguetes,Pago en FAMILIA DADA SL MADRID ES,,-6.90,543.36
24/02/2023,Alimentación,Supermercados y alimentación,Pago en ALDI MADRID QUINTANAVIDESMADRID ES,,-40.26,550.26
23/02/2023,Alimentación,Supermercados y alimentación,Pago en MERCADONA C MA MADRID ES,,-143.16,590.52
22/02/2023,Ocio y viajes,Cafeterías y restaurantes,Pago en CUCOS MADRID ES,,-14.00,733.68
21/02/2023,Alimentación,Supermercados y alimentación,Pago en PASTELERIA CAPRICHOS MADRID ES,,-5.00,747.68
16/02/2023,Alimentación,Supermercados y alimentación,Pago en MERCADONA C MA MADRID ES,,-154.65,752.68
16/02/2023,Otros ingresos,Ingresos de otras entidades,Transferencia recibida de MARIA DEL CARMEN LOPEZ GUIJARRO ,,900.00,907.33
13/02/2023,Movimientos excluidos,Traspaso entre cuentas,Traspaso interno recibido Movimiento ING,,50.00,7.33
13/02/2023,Movimientos excluidos,Traspaso entre cuentas,Traspaso recibido Cuenta Nómina moto,,202.00,-42.67
13/02/2023,Compras,Compras (otros),Pago en OTOBAI MOTOS S.L. MADRID ES,,-202.68,-244.67
12/02/2023,Vehículo y transporte,Peajes,Pago en ATPSEITT N IIT >M 50N,,-4.95,-41.99
12/02/2023,Vehículo y transporte,Peajes,Pago en ATPSEITT Alcobenda >Alco,,-0.60,-37.04
11/02/2023,Alimentación,Supermercados y alimentación,Pago en SANCHINARRO H. MADRID ES,,-18.26,-36.44
11/02/2023,Compras,Compras (otros),Pago en FUNDACION ALADINA MADRID ES,,-33.20,-18.18
10/02/2023,Alimentación,Supermercados y alimentación,Pago en MIALCAMPO PRINCIPE CARLOSMADRID ES,,-13.07,15.02
10/02/2023,Vehículo y transporte,Peajes,Pago en ATPSEITT M 50N >N IIT,,-4.95,28.09
10/02/2023,Vehículo y transporte,Peajes,Pago en ATPSEITT Alcobenda >Alco,,-0.60,33.04
09/02/2023,Ocio y viajes,Cafeterías y restaurantes,Pago en MCDONALDS LAS TABLAS SHELMADRID ES,,-20.22,33.64
09/02/2023,Alimentación,Supermercados y alimentación,Pago en MERCADONA C MA MADRID ES,,-97.64,53.86
09/02/2023,Otros ingresos,Ingresos de otras entidades,Transferencia recibida de MARIA DEL CARMEN LOPEZ GUIJARRO ,,75.00,151.50
09/02/2023,Movimientos excluidos,Traspaso entre cuentas,Traspaso interno recibido Movimiento ING,,75.00,76.50
09/02/2023,Compras,Compras (otros),Pago en Amazon.es*1Q31W9PN4,,-34.99,1.50
08/02/2023,Alimentación,Supermercados y alimentación,Pago en MERCADONA C MA MADRID ES,,-13.18,36.49
06/02/2023,Alimentación,Supermercados y alimentación,Pago en DIA SAN CHINARRO MADRID ES,,-16.51,49.67
06/02/2023,Alimentación,Supermercados y alimentación,Pago en MIALCAMPO PRINCIPE CARLOSMADRID ES,,-41.64,66.18
06/02/2023,Vehículo y transporte,Parking y garaje,Pago en HOSPITAL LA MOR MADRID ES,,-2.00,107.82
04/02/2023,Educación y salud,Deporte y gimnasio,Pago en FORMIGAL-CAFETERIAS FORMIGAL ES,,-10.40,109.82
03/02/2023,Alimentación,Supermercados y alimentación,Pago en PANADERIA PANTICOSA PANTICOSA ES,,-4.15,120.22
02/02/2023,Ocio y viajes,"Cine, teatro y espectáculos",Pago en PETROSOS ALQUILER ESQUI PANTICOSA ES,,-48.00,124.37
02/02/2023,Compras,Compras (otros),Pago en AMZN MKTP ES*1O8OH5HU4,,-11.94,172.37
01/02/2023,Movimientos excluidos,Traspaso entre cuentas,Traspaso interno emitido gasolina esqui,,-61.00,184.31
01/02/2023,Alimentación,Supermercados y alimentación,Pago en MERCADONA C MA MADRID ES,,-66.45,245.31
01/02/2023,Hogar,Agua,"Recibo CANAL DE ISABEL II GESTION, S.",,-50.79,311.76
01/02/2023,Hogar,Luz y gas,"Recibo IBERDROLA CLIENTES, S.A.U",,-6.34,362.55
01/02/2023,Otros gastos,Otros gastos (otros),"Recibo C.P. NICETO ALCALA ZAMORA 24-42 CL Niceto Alcala Zamora, 24",,-151.40,368.89
31/01/2023,Hogar,Luz y gas,"Recibo IBERDROLA CLIENTES, S.A.U",,-10.94,520.29
31/01/2023,Hogar,"Teléfono, TV e internet",Recibo TELEFONICA DE ESPANA S.A.,,-10.00,531.23
31/01/2023,Educación y salud,Educación,"Recibo SERVICIOS EDUCATIVOS EL VALLE DE SANCHINARRO, SLL",,-301.00,541.23
31/01/2023,Educación y salud,Educación,Recibo SERVICIOS EDUCATIVOS EL VALLE DE SAN CHI,,-301.00,842.23
31/01/2023,Educación y salud,Educación,Pago en LA CASITA DE INGLES SANCHMADRID ES,,-90.00,"1,143.23"
31/01/2023,Otros gastos,Transferencias,Transferencia emitida periódica,,-75.00,"1,233.23"
30/01/2023,Educación y salud,Educación,Pago en LA CASITA DE INGLES SANCHMADRID ES,,-95.00,"1,308.23"
30/01/2023,Compras,Ropa y complementos,Pago en DECATHLON ESPANA SAU O,,-24.99,"1,403.23"
30/01/2023,Hogar,Luz y gas,"Recibo IBERDROLA CLIENTES, S.A.U",,-57.29,"1,428.22"
29/01/2023,Alimentación,Supermercados y alimentación,Pago en MERCADONA C MA MADRID ES,,-111.42,"1,485.51"
29/01/2023,Otros ingresos,Ingresos de otras entidades,"Transferencia recibida de Naturgy Iberia, S.A NATURGY245569510123",,2.15,"1,596.93"
29/01/2023,Otros gastos,Transferencias,Transferencia emitida a Edy Isabel Montoya Morales Nomina Edy,,-230.00,"1,594.78"
27/01/2023,Alimentación,Supermercados y alimentación,Pago en MIALCAMPO PRINCIPE CARLOSMADRID ES,,-10.45,"1,824.78"
26/01/2023,Alimentación,Supermercados y alimentación,Pago en SANCHINARRO H. MADRID ES,,-6.45,"1,835.23"
26/01/2023,Alimentación,Supermercados y alimentación,Devolución Tarjeta SANCHINARRO H. MADRID ES,,6.45,"1,841.68"
26/01/2023,Alimentación,Supermercados y alimentación,Pago en SANCHINARRO H. MADRID ES,,-20.05,"1,835.23"
26/01/2023,Alimentación,Supermercados y alimentación,Pago en MERCADONA C MA MADRID ES,,-68.56,"1,855.28"
26/01/2023,Otros ingresos,Ingresos de otras entidades,Transferencia recibida de CARLOS ANTONIO PEREZ HAURIE ,,"1,216.00","1,923.84"
25/01/2023,Alimentación,Supermercados y alimentación,Pago en MERCADONA MONTEBURGOS MADRID ES,,-19.69,707.84
23/01/2023,Alimentación,Supermercados y alimentación,Pago en DIA SAN CHINARRO MADRID ES,,-30.02,727.53
22/01/2023,Alimentación,Supermercados y alimentación,Pago en MERCADONA C MA MADRID ES,,-29.42,757.55
21/01/2023,Alimentación,Supermercados y alimentación,Pago en LEVADURA MADRE S.L. MADRID ES,,-9.29,786.97
20/01/2023,Alimentación,Supermercados y alimentación,Pago en AHORRAMAS SAN SEBASTIANES,,-58.43,796.26
20/01/2023,Educación y salud,Deporte y gimnasio,Pago en DECATHLON DEHESA SAN SEBASTIANES,,-30.98,854.69
20/01/2023,Alimentación,Supermercados y alimentación,Pago en LEVADURA MADRE S.L. MADRID ES,,-5.09,885.67
20/01/2023,Ocio y viajes,Hotel y alojamiento,Pago en GR.ARAMON RECARGA ONLINE FORMIGAL ES,,-512.90,890.76
20/01/2023,Movimientos excluidos,Traspaso entre cuentas,Traspaso recibido Cuenta Nómina Faltaban 9 euros,,9.00,"1,403.66"
20/01/2023,Movimientos excluidos,Traspaso entre cuentas,Traspaso recibido Cuenta Nómina Forfait y cursillo Panticosa,,493.00,"1,394.66"
19/01/2023,Otros ingresos,Ingresos de otras entidades,Transferencia recibida de MARIA DEL CARMEN LOPEZ GUIJARRO Gastos,,900.00,901.66
16/01/2023,Compras,Ropa y complementos,Pago en DECATHLON ESPANA SAU O,,-34.99,1.66
15/01/2023,Movimientos excluidos,Traspaso entre cuentas,Traspaso recibido Cuenta Nómina Descubierto ,,115.00,36.65
15/01/2023,Otros ingresos,Ingresos de otras entidades,Transferencia recibida de MARIA DEL CARMEN LOPEZ GUIJARRO ,,115.00,-78.35
15/01/2023,Alimentación,Supermercados y alimentación,Pago en MERCADONA ONLINE WEB ES,,-220.43,-193.35
13/01/2023,Alimentación,Supermercados y alimentación,Pago en SANCHINARRO H. MADRID ES,,-9.95,27.08
13/01/2023,Alimentación,Supermercados y alimentación,Pago en SANCHINARRO H. MADRID ES,,-27.89,37.03
12/01/2023,Vehículo y transporte,Seguro de coche y moto,Recibo MUTUA MADRILENA AUTOMOVILISTA,,-923.35,64.92
11/01/2023,Movimientos excluidos,Traspaso entre cuentas,Traspaso recibido Cuenta Nómina Seguro mazda,,900.00,988.27
11/01/2023,Compras,Compras (otros),Devolución Tarjeta EL CORTE INGLES SANCHINARMADRID ES,,21.55,88.27
10/01/2023,Compras,Compras (otros),Pago en EL CORTE INGLES VENTA DISMADRID ES,,-21.55,66.72
08/01/2023,Alimentación,Supermercados y alimentación,Pago en MERCADONA MONTEBURGOS MADRID ES,,-33.77,88.27
08/01/2023,Otros ingresos,Ingresos de otras entidades,Transferencia recibida de MARIA DEL CARMEN LOPEZ GUIJARRO ,,100.00,122.04
08/01/2023,Movimientos excluidos,Traspaso entre cuentas,Traspaso recibido Cuenta Nómina Descubierto ,,100.00,22.04
08/01/2023,Educación y salud,Educación,"Recibo SERVICIOS EDUCATIVOS EL VALLE DE SANCHINARRO, SLL",,-58.50,-77.96
08/01/2023,Otros gastos,Otros gastos (otros),"PEREZ LOPEZ, ALEJANDRO 005F 2o TRIM. A-242870 TEA 58,50",,-58.50,-19.46
07/01/2023,Alimentación,Supermercados y alimentación,Pago en ALDI MADRID QUINTANAVIDESMADRID ES,,-36.54,39.04
07/01/2023,Ventajas ING,Otras Ventajas ING,Abono por campaña Abono Shopping NARANJA:GALP,,0.05,75.58
07/01/2023,Hogar,Hogar (otros),Pago en Vorwerk International,,-36.00,75.53
06/01/2023,Educación y salud,"Farmacia, herbolario y nutrición",Pago en FARMACIA PRINCIPE CARLOS MADRID ES,,-15.49,111.53
06/01/2023,Vehículo y transporte,Gasolina y combustible,Pago en SANCHINARRO MADRID ES,,-1.69,127.02
04/01/2023,Alimentación,Supermercados y alimentación,Pago en MIALCAMPO PRINCIPE CARLOSMADRID ES,,-10.90,128.71
04/01/2023,Alimentación,Supermercados y alimentación,Pago en MERCADONA C MA MADRID ES,,-105.81,139.61
03/01/2023,Alimentación,Supermercados y alimentación,Pago en DIA SAN CHINARRO MADRID ES,,-11.81,245.42
03/01/2023,Compras,Compras (otros),Pago en MOTOR SAMURAI MADRID ES,,-849.90,257.23
03/01/2023,Movimientos excluidos,Traspaso entre cuentas,Traspaso recibido Cuenta Nómina Mazda 6,,"1,000.00","1,107.13"
02/01/2023,Otros ingresos,Ingresos de otras entidades,Transferencia recibida de MARIA DEL CARMEN LOPEZ GUIJARRO Descubierto,,150.00,107.13
02/01/2023,Otros ingresos,Ingresos de otras entidades,Transferencia recibida de SANITAS SOCIEDAD ANONIMA DE SEGUROS 0001905266 / 03865130 / 1202201519424011,,183.20,-42.87
01/01/2023,Educación y salud,Educación,Recibo SERVICIOS EDUCATIVOS EL VALLE DE SAN CHI,,-367.14,-226.07
01/01/2023,Movimientos excluidos,Traspaso entre cuentas,Traspaso interno recibido Descubierto ,,150.00,141.07
01/01/2023,Hogar,"Teléfono, TV e internet",Recibo TELEFONICA DE ESPANA S.A.,,-10.99,-8.93
01/01/2023,Educación y salud,Educación,"Recibo SERVICIOS EDUCATIVOS EL VALLE DE SANCHINARRO, SLL",,-332.34,2.06
01/01/2023,Otros gastos,Otros gastos (otros),"Recibo C.P. NICETO ALCALA ZAMORA 24-42 CL Niceto Alcala Zamora, 24",,-151.40,334.40
01/01/2023,Otros gastos,Transferencias,Transferencia emitida periódica,,-75.00,485.80