Movimientos de la Cuenta,,  Número de cuenta:,1465 0100 9517 08971395,,,
,,  Titular:,CARLOS ANTONIO PEREZ HAURIE,,,
,,  Fecha exportación:,27/12/2025 19:46h,,,
F. VALOR,CATEGORÍA,SUBCATEGORÍA,DESCRIPCIÓN,COMENTARIO,IMPORTE (€),SALDO (€)
31/12/2022,Otros ingresos,Ingresos de otras entidades,Transferencia recibida de MARIA DEL CARMEN LOPEZ GUIJARRO Comida sonia,,25.00,560.80
31/12/2022,Ocio y viajes,Cafeterías y restaurantes,Pago en DO MEIGO LAS TABLAS MADRID ES,,-173.60,535.80
30/12/2022,Educación y salud,Educación,Pago en LA CASITA DE INGLES SANCHMADRID ES,,-90.00,709.40
30/12/2022,Educación y salud,Educación,Pago en LA CASITA DE INGLES SANCHMADRID ES,,-95.00,799.40
30/12/2022,Alimentación,Supermercados y alimentación,Pago en MERCADONA MONTEBURGOS MADRID ES,,-23.94,894.40
30/12/2022,Compras,"Belleza, peluquería y perfumería",Pago en MI PELU MADRID ES,,-27.00,918.34
29/12/2022,Compras,Regalos y juguetes,Pago en MINICHARLIE FUENLABRADA ES,,-8.00,945.34
29/12/2022,Otros gastos,Transferencias,Transferencia emitida a CARLOS ANTONIO PEREZ HAURIE Deuda,,-100.00,953.34
29/12/2022,Otros gastos,Cajeros,Reintegro efectivo tarjeta UNICAJA MADRID ES,,-230.00,"1,053.34"
29/12/2022,Hogar,Luz y gas,"Recibo IBERDROLA CLIENTES, S.A.U",,-67.53,"1,283.34"
28/12/2022,Alimentación,Supermercados y alimentación,Pago en SUPERMERCADOS DIA LOECHES ES,,-14.65,"1,350.87"
28/12/2022,Educación y salud,"Farmacia, herbolario y nutrición",Pago en FARMACIA PRINCIPE CARLOS MADRID ES,,-233.59,"1,365.52"
28/12/2022,Alimentación,Supermercados y alimentación,Pago en MIALCAMPO PRINCIPE CARLOSMADRID ES,,-22.62,"1,599.11"
27/12/2022,Alimentación,Supermercados y alimentación,Pago en MERCADONA C MA MADRID ES,,-43.54,"1,621.73"
27/12/2022,Ocio y viajes,Cafeterías y restaurantes,Pago en BAR LA JARA MANZANARES ELES,,-54.70,"1,665.27"
27/12/2022,Compras,Compras (otros),Pago en CASTILLO MANZANARES REAL MADRID ES,,-16.00,"1,719.97"
26/12/2022,Ocio y viajes,Cafeterías y restaurantes,Pago en QUIOSCO RODILLA C.C. PARQLEGANES MADRES,,-5.50,"1,735.97"
26/12/2022,Alimentación,Supermercados y alimentación,Pago en PLUS SUPERMERCADOS S.A. MADRID ES,,-12.93,"1,741.47"
26/12/2022,Otros ingresos,Ingresos de otras entidades,Transferencia recibida de CARLOS ANTONIO PEREZ HAURIE ,,"1,216.00","1,754.40"
26/12/2022,Compras,Ropa y complementos,Pago en HM MoralejaGreen,,-27.98,538.40
23/12/2022,Alimentación,Supermercados y alimentación,Pago en MALLORQUINA NUEVA MG ALCOBENDAS ES,,-27.00,566.38
23/12/2022,Alimentación,Supermercados y alimentación,Pago en MERCADONA C MA MADRID ES,,-23.71,593.38
23/12/2022,Compras,Compras (otros),Pago en AMZN MKTP ES*1N0MX3VK4,,-58.98,617.09
22/12/2022,Compras,Compras (otros),Pago en EL CORTE INGLES SANCHINARMADRID ES,,-68.13,676.07
22/12/2022,Alimentación,Supermercados y alimentación,Pago en MERCADONA MONTEBURGOS MADRID ES,,-68.13,744.20
22/12/2022,Alimentación,Supermercados y alimentación,Pago en PALMER MADRID ES,,-11.95,812.33
21/12/2022,Compras,Compras (otros),Pago en EL CORTE INGLES SANCHINARMADRID ES,,-10.90,824.28
21/12/2022,Compras,Compras (otros),Pago en EL CORTE INGLES SANCHINARMADRID ES,,-10.95,835.18
21/12/2022,Alimentación,Supermercados y alimentación,Pago en SANCHINARRO H. MADRID ES,,-19.74,846.13
19/12/2022,Alimentación,Supermercados y alimentación,Pago en DIA SANCHINARRO MADRID ES,,-12.18,865.87
19/12/2022,Otros ingresos,Ingresos de otras entidades,Transferencia recibida de MARIA DEL CARMEN LOPEZ GUIJARRO ,,900.00,878.05
18/12/2022,Compras,Compras (otros),Pago en EL CORTE INGLES SANCHINARMADRID ES,,-32.55,-21.95
17/12/2022,Compras,Regalos y juguetes,Pago en PLAZA CHINA MADRID ES,,-10.10,10.60
16/12/2022,Alimentación,Supermercados y alimentación,Pago en MERCADONA C MA MADRID ES,,-159.39,20.70
16/12/2022,Alimentación,Supermercados y alimentación,Pago en MIALCAMPO PRINCIPE CARLOSMADRID ES,,-10.12,180.09
16/12/2022,Movimientos excluidos,Traspaso entre cuentas,Traspaso recibido Cuenta Nómina Regalos,,150.00,190.21
13/12/2022,Movimientos excluidos,Traspaso entre cuentas,Traspaso recibido Cuenta Nómina Descubierto ,,100.00,40.21
13/12/2022,Alimentación,Supermercados y alimentación,Pago en CARREFOUR TECNOL,,-11.99,-59.79
12/12/2022,Otros ingresos,Ingresos de otras entidades,Transferencia recibida de MARIA DEL CARMEN LOPEZ GUIJARRO ,,50.00,-47.80
12/12/2022,Hogar,Luz y gas,"Recibo IBERDROLA CLIENTES, S.A.U",,-153.12,-97.80
11/12/2022,Otros gastos,Transferencias,Transferencia emitida a CARLOS ANTONIO PEREZ HAURIE Mitad sueldo wsy,,-127.00,55.32
10/12/2022,Alimentación,Supermercados y alimentación,Pago en CARREF S S DE LOS REYES SAN SEBASTIANES,,-17.97,182.32
09/12/2022,Alimentación,Supermercados y alimentación,Pago en MERCADONA C MA MADRID ES,,-125.71,200.29
09/12/2022,Otros ingresos,Ingresos de otras entidades,Transferencia recibida de MARIA DEL CARMEN LOPEZ GUIJARRO ,,227.00,326.00
08/12/2022,Compras,Compras (otros),Pago en AMZN MKTP ES*1W72Y68I4,,-112.47,99.00
08/12/2022,Alimentación,Supermercados y alimentación,Pago en CARREFOUR TECNOL,,-48.44,211.47
07/12/2022,Compras,Ropa y complementos,Pago en OKAIDI,,-25.98,259.91
06/12/2022,Movimientos excluidos,Traspaso entre cuentas,Traspaso recibido Cuenta Nómina Mitad edy,,127.00,285.89
06/12/2022,Movimientos excluidos,Traspaso entre cuentas,Traspaso recibido Cuenta Nómina Movimiento ING,,100.00,158.89
05/12/2022,Compras,Compras (otros),Pago en Amazon.es*1W8JE1T44,,-49.99,58.89
05/12/2022,Compras,Compras (otros),Pago en Amazon.es*1W90M2TK4,,-46.71,108.88
05/12/2022,Compras,Compras (otros),Pago en Amazon.es*1W15G43L4,,-39.00,155.59
05/12/2022,Otros gastos,Otros gastos (otros),"Recibo C.P. NICETO ALCALA ZAMORA 24-42 CL Niceto Alcala Zamora, 24",,-181.47,194.59
04/12/2022,Compras,Ropa y complementos,Devolución Tarjeta OKAIDI CC PLAZA NORTE SAN SEBASTIANES,,15.44,376.06
04/12/2022,Alimentación,Supermercados y alimentación,Pago en SANCHINARRO H. MADRID ES,,-10.97,360.62
04/12/2022,Compras,Compras (otros),Pago en EL CORTE INGLES SANCHINARMADRID ES,,-10.95,371.59
04/12/2022,Hogar,Luz y gas,"Recibo IBERDROLA CLIENTES, S.A.U",,-51.05,382.54
03/12/2022,Movimientos excluidos,Traspaso entre cuentas,Traspaso recibido Cuenta Nómina Radhuni,,52.00,433.59
03/12/2022,Hogar,Mantenimiento del hogar,Pago en LEROY MERLIN SSRR SAN SEBASTIANES,,-1.78,381.59
03/12/2022,Compras,Ropa y complementos,Pago en OKAIDI CC PLAZA NORTE SAN SEBASTIANES,,-28.18,383.37
03/12/2022,Ocio y viajes,Cafeterías y restaurantes,Pago en RADHUNI RESTAURANTE MADRID ES,,-52.25,411.55
03/12/2022,Alimentación,Supermercados y alimentación,Pago en PLUS SUPERMERCADOS S.A. MADRID ES,,-8.12,463.80
02/12/2022,Ventajas ING,Otras Ventajas ING,Abono por campaña Abono Shopping NARANJA:SHELL,,0.80,471.92
02/12/2022,Alimentación,Supermercados y alimentación,Pago en MERCADONA C MA MADRID ES,,-115.22,471.12
02/12/2022,Alimentación,Supermercados y alimentación,Pago en MIALCAMPO PRINCIPE CARLOSMADRID ES,,-5.68,586.34
02/12/2022,Compras,Compras (otros),Pago en EL CORTE INGLES VENTA DISMADRID ES,,-22.95,592.02
02/12/2022,Movimientos excluidos,Traspaso entre cuentas,Traspaso recibido Cuenta Nómina Reyes,,250.00,614.97
01/12/2022,Vehículo y transporte,Gasolina y combustible,Pago en PARQUE FORESTAL MADRID ES,,-26.70,364.97
30/11/2022,Hogar,Agua,"Recibo CANAL DE ISABEL II GESTION, S.",,-46.61,391.67
30/11/2022,Educación y salud,Educación,"Recibo SERVICIOS EDUCATIVOS EL VALLE DE SANCHINARRO, SLL",,-321.34,438.28
30/11/2022,Hogar,"Teléfono, TV e internet",Recibo TELEFONICA DE ESPANA S.A.,,-10.00,759.62
30/11/2022,Educación y salud,Educación,Recibo SERVICIOS EDUCATIVOS EL VALLE DE SAN CHI,,-356.14,769.62
30/11/2022,Otros gastos,Transferencias,Transferencia emitida periódica,,-75.00,"1,125.76"
30/11/2022,Educación y salud,Educación,Pago en LA CASITA DE INGLES SANCHMADRID ES,,-90.00,"1,200.76"
29/11/2022,Educación y salud,Educación,Pago en LA CASITA DE INGLES SANCHMADRID ES,,-95.00,"1,290.76"
29/11/2022,Alimentación,Supermercados y alimentación,Pago en MIALCAMPO PRINCIPE CARLOSMADRID ES,,-26.60,"1,385.76"
28/11/2022,Educación y salud,"Farmacia, herbolario y nutrición",Pago en FARMACIA PRINCIPE CARLOS MADRID ES,,-208.20,"1,412.36"
28/11/2022,Alimentación,Supermercados y alimentación,Pago en MIALCAMPO PRINCIPE CARLOSMADRID ES,,-5.14,"1,620.56"
28/11/2022,Otros gastos,Transferencias,Traspaso interno emitido Compra,,-12.75,"1,625.70"
28/11/2022,Otros ingresos,Ingresos de otras entidades,Transferencia recibida de CARLOS ANTONIO PEREZ HAURIE ,,"1,216.00","1,638.45"
27/11/2022,Alimentación,Supermercados y alimentación,Pago en DIA SANCHINARRO MADRID ES,,-13.87,422.45
27/11/2022,Educación y salud,"Farmacia, herbolario y nutrición",Pago en FARMACIA PRINCIPE CARLOS MADRID ES,,-5.88,436.32
26/11/2022,Compras,Compras (otros),Pago en EL CORTE INGLES VENTA DISMADRID ES,,-6.99,442.20
26/11/2022,Alimentación,Supermercados y alimentación,Pago en MIALCAMPO PRINCIPE CARLOSMADRID ES,,-29.84,449.19
26/11/2022,Compras,Compras (otros),Pago en AMZN MKTP ES*1I7NF64C4,,-13.59,479.03
24/11/2022,Movimientos excluidos,Traspaso entre cuentas,Traspaso recibido Cuenta Nómina Movimiento ING,,6.20,492.62
24/11/2022,Alimentación,Supermercados y alimentación,Pago en SANCHINARRO H. MADRID ES,,-26.80,486.42
24/11/2022,Ocio y viajes,Cafeterías y restaurantes,Pago en RESTAURANTE TREBOL MADRID ES,,-6.20,513.22
21/11/2022,Ocio y viajes,Cafeterías y restaurantes,Pago en CUCOS MADRID ES,,-26.80,519.42
19/11/2022,Alimentación,Supermercados y alimentación,Pago en SANCHINARRO H. MADRID ES,,-39.98,546.22
18/11/2022,Compras,Regalos y juguetes,Pago en FENG ZHANG MADRID ES,,-1.35,586.20
18/11/2022,Otros gastos,Cajeros,Reintegro efectivo tarjeta LA CAIXA 9737 SAN SEBASTIANES,,-50.00,587.55
18/11/2022,Compras,Ropa y complementos,Pago en S.S. REYES PLAZA NORTE 2 SAN SEBASTIANES,,-5.99,637.55
18/11/2022,Alimentación,Supermercados y alimentación,Pago en MERCADONA COLMENA GETAFE GETAFE ES,,-281.65,643.54
17/11/2022,Otros ingresos,Ingresos de otras entidades,Transferencia recibida de MARIA DEL CARMEN LOPEZ GUIJARRO Gastos noviembre,,900.00,925.19
15/11/2022,Alimentación,Supermercados y alimentación,Pago en PALMER MADRID ES,,-5.05,25.19
14/11/2022,Alimentación,Supermercados y alimentación,Pago en MERCADONA C MA MADRID ES,,-16.40,30.24
14/11/2022,Movimientos excluidos,Traspaso entre cuentas,Traspaso recibido Cuenta Nómina Descubierto,,100.00,46.64
12/11/2022,Alimentación,Supermercados y alimentación,Pago en MIALCAMPO PRINCIPE CARLOSMADRID ES,,-40.59,-53.36
10/11/2022,Alimentación,Supermercados y alimentación,Pago en MERCADONA MONTEBURGOS MADRID ES,,-25.72,-12.77
10/11/2022,Alimentación,Supermercados y alimentación,Pago en SANCHINARRO H. MADRID ES,,-16.98,12.95
10/11/2022,Compras,Compras (otros),Pago en AMAZON.ES*WE2YW2ZV5 AM,,-10.08,29.93
09/11/2022,Alimentación,Supermercados y alimentación,Pago en MIALCAMPO PRINCIPE CARLOSMADRID ES,,-14.20,40.01
08/11/2022,Movimientos excluidos,Traspaso entre cuentas,Traspaso interno recibido Queda poco dinero,,50.00,54.21
07/11/2022,Alimentación,Supermercados y alimentación,Pago en ALDI MADRID QUINTANAVIDESMADRID ES,,-104.43,4.21
05/11/2022,Otros ingresos,Ingresos de otras entidades,Transferencia recibida de MARIA DEL CARMEN LOPEZ GUIJARRO Descubierto y mi gasolina,,117.00,108.64
05/11/2022,Vehículo y transporte,Gasolina y combustible,Pago en REPSOL WAYLET MADRID ES,,-17.04,-8.36
04/11/2022,Alimentación,Supermercados y alimentación,Pago en MIALCAMPO PRINCIPE CARLOSMADRID ES,,-23.53,8.68
04/11/2022,Ocio y viajes,"Cine, teatro y espectáculos",Pago en EL ORIGEN DE LA NAVIDAD BOADILLA DEL ES,,-52.80,32.21
03/11/2022,Compras,Compras (otros),Pago en EL CORTE INGLES SANCHINARMADRID ES,,-19.90,85.01
02/11/2022,Movimientos excluidos,Traspaso entre cuentas,Traspaso interno recibido Queda poco dinero,,100.00,104.91
02/11/2022,Alimentación,Supermercados y alimentación,Pago en LUPA C CERVANTES COMI,,-19.04,4.91
02/11/2022,Otros gastos,Otros gastos (otros),"Recibo C.P.AVD. NICETO ALCALA ZAMORA, 24-42",,-181.47,23.95
01/11/2022,Alimentación,Supermercados y alimentación,Pago en MERCADONA MONTEBURGOS MADRID ES,,-114.90,205.42
01/11/2022,Vehículo y transporte,Parking y garaje,Pago en HOSPITAL LA MOR MADRID ES,,-2.20,320.32
01/11/2022,Alimentación,Supermercados y alimentación,Pago en LUPA C CERVANTES COMI,,-11.18,322.52
01/11/2022,Educación y salud,Educación,Recibo SERVICIOS EDUCATIVOS EL VALLE DE SAN CHI,,-386.12,333.70
01/11/2022,Educación y salud,Educación,"Recibo SERVICIOS EDUCATIVOS EL VALLE DE SANCHINARRO, SLL",,-368.49,719.82
31/10/2022,Alimentación,Supermercados y alimentación,Pago en SANCHINARRO H. MADRID ES,,-42.86,"1,088.31"
31/10/2022,Ocio y viajes,Cafeterías y restaurantes,Pago en TABERNA LA BOLERA COMILLAS ES,,-4.00,"1,131.17"
31/10/2022,Alimentación,Supermercados y alimentación,Pago en PANADERIA LUIS RAYON COMILLAS ES,,-12.55,"1,135.17"
31/10/2022,Educación y salud,Educación,Pago en LA CASITA DE INGLES SANCHMADRID ES,,-90.00,"1,147.72"
31/10/2022,Educación y salud,Educación,Pago en LA CASITA DE INGLES SANCHMADRID ES,,-95.00,"1,237.72"
31/10/2022,Alimentación,Supermercados y alimentación,Pago en LUPA C CERVANTES COMI,,-41.88,"1,332.72"
31/10/2022,Hogar,"Teléfono, TV e internet",Recibo TELEFONICA DE ESPANA S.A.,,-10.99,"1,374.60"
31/10/2022,Otros gastos,Transferencias,Transferencia emitida periódica,,-75.00,"1,385.59"
30/10/2022,Hogar,Luz y gas,"Recibo IBERDROLA CLIENTES, S.A.U",,-53.04,"1,460.59"
29/10/2022,Vehículo y transporte,Parking y garaje,Pago en AP.PUERTO SAN VICENTE DE SAN VICENTE DES,,-3.30,"1,513.63"
29/10/2022,Ocio y viajes,Cafeterías y restaurantes,Pago en BAR LA FOLIA SAN VICENTE BES,,-18.25,"1,516.93"
29/10/2022,Educación y salud,"Farmacia, herbolario y nutrición",Pago en FARMACIA MUR SAN VICENTE DES,,-15.88,"1,535.18"
28/10/2022,Ventajas ING,Otras Ventajas ING,Abono por campaña Abono Shopping NARANJA:GALP,,2.78,"1,551.06"
28/10/2022,Alimentación,Supermercados y alimentación,Pago en SUP COMPRABIEN COMILLA COMILLAS ES,,-4.20,"1,548.28"
27/10/2022,Vehículo y transporte,Gasolina y combustible,Pago en ES HIJOS DE JULIO SADORNIOLMILLOS DE SES,,-8.47,"1,552.48"
27/10/2022,Vehículo y transporte,Gasolina y combustible,Pago en SANCHINARRO MADRID ES,,-92.50,"1,560.95"
27/10/2022,Otros ingresos,Ingresos de otras entidades,Transferencia recibida de CARLOS ANTONIO PEREZ HAURIE GASTOS,,"1,621.00","1,653.45"
27/10/2022,Otros gastos,Transferencias,Transferencia emitida a EDY Pego Edy,,-230.00,32.45
26/10/2022,Ocio y viajes,Cafeterías y restaurantes,Pago en PROYECTO BIO ESPACIO ORGAALCOBENDAS ES,,-11.85,262.45