Movimientos de la Cuenta,,  Número de cuenta:,1465 0100 9517 08971395,,,
,,  Titular:,CARLOS ANTONIO PEREZ HAURIE,,,
,,  Fecha exportación:,27/12/2025 19:26h,,,
F. VALOR,CATEGORÍA,SUBCATEGORÍA,DESCRIPCIÓN,COMENTARIO,IMPORTE (€),SALDO (€)
31/12/2024,Alimentación,Supermercados y alimentación,Pago en SANCHINARRO H. MADRID ES,,-21.12,"1,077.63"
31/12/2024,Otros gastos,Transferencias,Transferencia emitida a CARLOS ANTONIO PEREZ HAURIE Nomina Edy,,-306.00,"1,098.75"
31/12/2024,Hogar,Mantenimiento del hogar,Pago en TIENDATEC ZARAGOZA ES,,-130.85,"1,404.75"
31/12/2024,Compras,Regalos y juguetes,Pago en SP ICONIC PUZZLES ES,,-44.95,"1,535.60"
31/12/2024,Otros gastos,Pago de impuestos,Cargo cuota SS,,-80.85,"1,580.55"
31/12/2024,Compras,Regalos y juguetes,Pago en SumUp *Maria dolores,,-10.00,"1,661.40"
31/12/2024,Otros ingresos,Ingresos de otras entidades,Transferencia recibida de CARLOS ANTONIO PEREZ HAURIE GASTOS,,"1,416.00","1,671.40"
30/12/2024,Alimentación,Supermercados y alimentación,Pago en ALDI MADRID QUINTANAVIDESMADRID ES,,-23.82,255.40
30/12/2024,Alimentación,Supermercados y alimentación,Pago en MERCADONA C MA MADRID ES,,-186.69,279.22
30/12/2024,Otros gastos,Transferencias,Transferencia emitida a MCARMEN LOPEZ GUIJARRO Nicoleta y gas,,-62.00,465.91
29/12/2024,Ocio y viajes,"Cine, teatro y espectáculos",Pago en WWW CINESA ES BARCELONA ES,,-43.60,527.91
27/12/2024,Ocio y viajes,"Libros, música y videojuegos",Pago en CARLIN MADRID ES,,-12.50,571.51
27/12/2024,Compras,"Belleza, peluquería y perfumería",Pago en MI PELU MADRID ES,,-31.90,584.01
27/12/2024,Ocio y viajes,"Cine, teatro y espectáculos",Pago en ALCAZAR DE SEGOVIA SEGOVIA ES,,-30.00,615.91
27/12/2024,Educación y salud,"Farmacia, herbolario y nutrición",Pago en FARMACIA PRINCIPE CARLOS MADRID ES,,-14.50,645.91
27/12/2024,Alimentación,Supermercados y alimentación,Pago en MIALCAMPO PRINCIPE CARLOSMADRID ES,,-13.40,660.41
27/12/2024,Educación y salud,Deporte y gimnasio,Pago en FORUM INTERNET ARIZGOITI ES,,-56.88,673.81
26/12/2024,Alimentación,Supermercados y alimentación,Pago en MERCADONA MONTEBURGOS MADRID ES,,-23.97,730.69
26/12/2024,Vehículo y transporte,Parking y garaje,Pago en INDIGO CALEIDO MADRID ES,,-1.15,754.66
26/12/2024,Alimentación,Supermercados y alimentación,Pago en DIA 16130 MADRID ES,,-0.95,755.81
26/12/2024,Educación y salud,"Farmacia, herbolario y nutrición",Pago en FARMACIA PRINCIPE CARLOS MADRID ES,,-18.98,756.76
24/12/2024,Alimentación,Supermercados y alimentación,Pago en MERCADONA MONTEBURGOS MADRID ES,,-66.36,775.74
23/12/2024,Compras,Compras (otros),Pago en EL CORTE INGLES SANCHINARMADRID ES,,-22.99,842.10
23/12/2024,Alimentación,Supermercados y alimentación,Pago en SANCHINARRO H. MADRID ES,,-24.99,865.09
23/12/2024,Alimentación,Supermercados y alimentación,Pago en SANCHINARRO H. MADRID ES,,-55.62,890.08
23/12/2024,Otros ingresos,Ingresos de otras entidades,Transferencia recibida de MARIA DEL CARMEN LOPEZ GUIJARRO,,900.00,945.70
23/12/2024,Alimentación,Supermercados y alimentación,Pago en MERCADONA MONTEBURGOS MADRID ES,,-65.00,45.70
22/12/2024,Alimentación,Supermercados y alimentación,Pago en DIA 16130 MADRID ES,,-5.48,110.70
22/12/2024,Movimientos excluidos,Traspaso entre cuentas,Traspaso interno emitido Movimiento ING,,-75.00,116.18
22/12/2024,Alimentación,Supermercados y alimentación,Pago en SANCHINARRO H. MADRID ES,,-7.93,191.18
22/12/2024,Compras,Compras (otros),Pago en EL CORTE INGLES SANCHINARMADRID ES,,-39.90,199.11
22/12/2024,Educación y salud,"Farmacia, herbolario y nutrición",Pago en FARMACIA PRINCIPE CARLOS MADRID ES,,-224.27,239.01
22/12/2024,Movimientos excluidos,Traspaso entre cuentas,Traspaso recibido Cuenta Nómina Movimiento ING,,300.00,463.28
22/12/2024,Alimentación,Supermercados y alimentación,Pago en MIALCAMPO PRINCIPE CARLOSMADRID ES,,-28.53,163.28
22/12/2024,Otros gastos,Cajeros,Comisión cajero LA CAIXA 5846 MADRID ES,,-2.95,191.81
22/12/2024,Otros gastos,Cajeros,Reintegro efectivo tarjeta LA CAIXA 5846 MADRID ES,,-50.00,194.76
20/12/2024,Alimentación,Supermercados y alimentación,Pago en MERCADONA MONTEBURGOS MADRID ES,,-40.91,244.76
20/12/2024,Compras,Compras (otros),Pago en PRG RETAIL GROUP SPAIN LUGONES ES,,-9.99,285.67
20/12/2024,Ocio y viajes,"Libros, música y videojuegos",Pago en CARLIN MADRID ES,,-2.80,295.66
19/12/2024,Alimentación,Supermercados y alimentación,Pago en SANCHINARRO H. MADRID ES,,-12.49,298.46
19/12/2024,Compras,Compras (otros),Pago en EL CORTE INGLES SANCHINARMADRID ES,,-33.09,310.95
18/12/2024,Alimentación,Supermercados y alimentación,Pago en ALDI MADRID QUINTANAVIDESMADRID ES,,-26.09,344.04
18/12/2024,Ocio y viajes,Cafeterías y restaurantes,Pago en ALIEXPRESS.COM Luxembourg LU,,-9.88,370.13
17/12/2024,Compras,Regalos y juguetes,Pago en FUTBOLMANIA BARCELONA ES,,-42.98,380.01
17/12/2024,Vehículo y transporte,Parking y garaje,Pago en HOSPITAL LA MOR MADRID ES,,-3.30,422.99
17/12/2024,Alimentación,Supermercados y alimentación,Pago en MIALCAMPO PRINCIPE CARLOSMADRID ES,,-13.47,426.29
16/12/2024,Alimentación,Supermercados y alimentación,Pago en MERCADONA MONTEBURGOS MADRID ES,,-27.01,439.76
14/12/2024,Compras,Regalos y juguetes,Pago en DEISY RUIZ BOJACAR ALCOBENDAS ES,,-8.40,466.77
14/12/2024,Movimientos excluidos,Traspaso entre cuentas,Traspaso interno recibido Comida familiar,,100.00,475.17
14/12/2024,Ocio y viajes,Cafeterías y restaurantes,Pago en SUMO DIVERSO SL ALCOBENDAS ES,,-100.00,375.17
14/12/2024,Alimentación,Supermercados y alimentación,Pago en MERCADONA MONTEBURGOS MADRID ES,,-15.24,475.17
14/12/2024,Otros ingresos,Ingresos de otras entidades,Transferencia recibida de MARIA DEL CARMEN LOPEZ GUIJARRO,,500.00,490.41
13/12/2024,Alimentación,Supermercados y alimentación,Pago en MERCADONA MONTEBURGOS MADRID ES,,-130.62,-9.59
10/12/2024,Compras,Compras (otros),Pago en Amazon.es*U42VN8WP5 amazon.esay LU,,-10.95,121.03
10/12/2024,Hogar,Luz y gas,Recibo BASER COMER. REFER. SA,,-47.23,131.98
09/12/2024,Compras,Compras (otros),Pago en Amazon.es*2V9U739N5 amazon.esay LU,,-52.48,179.21
08/12/2024,Alimentación,Supermercados y alimentación,Pago en ALDI MADRID QUINTANAVIDESMADRID ES,,-25.35,231.69
08/12/2024,Compras,Regalos y juguetes,Pago en FAMILIA DADA SL MADRID ES,,-4.45,257.04
08/12/2024,Compras,Compras (otros),Pago en EL CORTE INGLES SANCHINARMADRID ES,,-226.31,261.49
08/12/2024,Movimientos excluidos,Traspaso entre cuentas,Traspaso recibido Cuenta Nómina Movimiento ING,,500.00,487.80
08/12/2024,Alimentación,Supermercados y alimentación,Pago en LEVADURA MADRE MADRID ES,,-2.50,-12.20
07/12/2024,Compras,Compras (otros),Pago en Amazon.es*9K8TR4MP5 amazon.esay LU,,-38.24,-9.70
07/12/2024,Alimentación,Supermercados y alimentación,Pago en MERCADONA C MA MADRID ES,,-103.53,28.54
06/12/2024,Alimentación,Supermercados y alimentación,Pago en DIA RETAIL ESPA¥A MADRID MADRID ES,,-40.45,132.07
06/12/2024,Ocio y viajes,Ocio y viajes (otros),Pago en GARAJES GENERAL PARDI¥AS MADRID ES,,-10.80,172.52
06/12/2024,Alimentación,Supermercados y alimentación,Pago en SALON DE ESTANQUE PUNTO 1MADRID ES,,-1.50,183.32
05/12/2024,Educación y salud,Educación,Pago en COLEGIO EL VALLE SANCHINAMADRID ES,,-18.00,184.82
05/12/2024,Ocio y viajes,Cafeterías y restaurantes,Pago en Boardriders DC Shoes O,,-34.65,202.82
05/12/2024,Hogar,Luz y gas,"Recibo IBERDROLA CLIENTES, S.A.U",,-56.84,237.47
04/12/2024,Otros gastos,Transferencias,Transferencia emitida a MCARMEN LOPEZ GUIJARRO Fotos niños,,-70.00,294.31
03/12/2024,Hogar,Luz y gas,Recibo BASER COMER. REFER. SA,,-35.15,364.31
02/12/2024,Hogar,"Teléfono, TV e internet","Recibo TELEFONICA DE ESPANA, S. A. U.",,-14.00,399.46
02/12/2024,Educación y salud,Educación,Recibo SERVICIOS EDUCATIVOS EL VALLE DE SAN CHI,,-334.51,413.46
02/12/2024,Educación y salud,Educación,"Recibo SERVICIOS EDUCATIVOS EL VALLE DE SANCHINARRO, SLL",,-334.35,747.97
02/12/2024,Otros gastos,Otros gastos (otros),"Recibo C.P. NICETO ALCALA ZAMORA 24-42 CL Niceto Alcala Zamora, 24",,-170.22,"1,082.32"
02/12/2024,Otros gastos,Transferencias,Transferencia emitida periódica,,-75.00,"1,252.54"
02/12/2024,Otros gastos,Transferencias,Transferencia emitida periódica,,-263.00,"1,327.54"
01/12/2024,Alimentación,Supermercados y alimentación,Pago en ALDI MADRID QUINTANAVIDESMADRID ES,,-18.24,"1,590.54"
01/12/2024,Ocio y viajes,Cafeterías y restaurantes,Pago en ELKE`S MADRID ES,,-22.00,"1,608.78"
01/12/2024,Compras,Regalos y juguetes,Pago en FERIA FEN MADRID ES,,-3.10,"1,630.78"
30/11/2024,Alimentación,Supermercados y alimentación,Pago en SANCHINARRO H. MADRID ES,,-8.00,"1,633.88"
30/11/2024,Compras,Compras (otros),Pago en EL CORTE INGLES SANCHINARMADRID ES,,-29.08,"1,641.88"
30/11/2024,Alimentación,Supermercados y alimentación,Pago en MIALCAMPO PRINCIPE CARLOSMADRID ES,,-1.98,"1,670.96"
30/11/2024,Alimentación,Supermercados y alimentación,Pago en MERCADONA MONTEBURGOS MADRID ES,,-154.76,"1,672.94"
30/11/2024,Otros ingresos,Ingresos de otras entidades,Transferencia recibida de CARLOS ANTONIO PEREZ HAURIE GASTOS,,"1,416.00","1,827.70"
29/11/2024,Otros gastos,Pago de impuestos,Cargo cuota SS,,-80.85,411.70
29/11/2024,Compras,Ropa y complementos,Pago en Nike ES,,-50.98,492.55
29/11/2024,Hogar,Agua,"Recibo CANAL DE ISABEL II GESTION, S.",,-50.62,543.53
28/11/2024,Alimentación,Supermercados y alimentación,Pago en MIALCAMPO PRINCIPE CARLOSMADRID ES,,-27.50,594.15
28/11/2024,Vehículo y transporte,Parking y garaje,Pago en HOSPITAL LA MOR MADRID ES,,-2.00,621.65
28/11/2024,Compras,Regalos y juguetes,Pago en ILUNION RETAIL Y COMERCIAMADRID ES,,-3.50,623.65
28/11/2024,Educación y salud,"Dentista, médico",Pago en HOSPITAL LA MORALEJA MADRID ES,,-36.00,627.15
26/11/2024,Alimentación,Supermercados y alimentación,Pago en DIA 16130 MADRID ES,,-27.05,663.15
24/11/2024,Compras,Compras (otros),Pago en EL CORTE INGLES SANCHINARMADRID ES,,-5.99,690.20
24/11/2024,Compras,Compras (otros),Pago en WWW.AMAZON.* TE44X0114 LUXEMBOURG LU,,-7.56,696.19
23/11/2024,Alimentación,Supermercados y alimentación,Pago en MERCADONA C MA MADRID ES,,-121.45,703.75
23/11/2024,Alimentación,Supermercados y alimentación,Pago en PANADERIA ENCARNI MORATA DE TAJES,,-5.61,825.20
22/11/2024,Alimentación,Supermercados y alimentación,Pago en SANCHINARRO H. MADRID ES,,-6.42,830.81
22/11/2024,Compras,Compras (otros),Pago en EL CORTE INGLES SANCHINARMADRID ES,,-15.98,837.23
21/11/2024,Alimentación,Supermercados y alimentación,Pago en ALDI MADRID QUINTANAVIDESMADRID ES,,-18.88,853.21
20/11/2024,Movimientos excluidos,Traspaso entre cuentas,Traspaso emitido Cuenta Nómina Devolución adelanto Carlos,,-200.00,872.09
20/11/2024,Otros ingresos,Ingresos de otras entidades,Transferencia recibida de MARIA DEL CARMEN LOPEZ GUIJARRO,,900.00,"1,072.09"
19/11/2024,Alimentación,Supermercados y alimentación,Pago en MERCADONA C MA MADRID ES,,-3.65,172.09
19/11/2024,Alimentación,Supermercados y alimentación,Pago en MERCADONA C MA MADRID ES,,-63.79,175.74
19/11/2024,Movimientos excluidos,Traspaso entre cuentas,Traspaso recibido Cuenta Nómina Movimiento ING,,200.00,239.53
17/11/2024,Alimentación,Supermercados y alimentación,Pago en SANCHINARRO H. MADRID ES,,-14.38,39.53
17/11/2024,Alimentación,Supermercados y alimentación,Devolución Tarjeta SANCHINARRO H. MADRID ES,,15.00,53.91
16/11/2024,Educación y salud,Deporte y gimnasio,Pago en DECATHLON DEHESA SAN SEBASTIANES,,-84.97,38.91
16/11/2024,Alimentación,Supermercados y alimentación,Pago en LEVADURA MADRE MADRID ES,,-3.81,123.88
15/11/2024,Hogar,Mantenimiento del hogar,Pago en FLORABELLA MADRID ES,,-39.68,127.69
15/11/2024,Alimentación,Supermercados y alimentación,Pago en MERCADONA MONTEBURGOS MADRID ES,,-118.31,167.37
14/11/2024,Alimentación,Supermercados y alimentación,Pago en MERCADONA MONTEBURGOS MADRID ES,,-33.13,285.68
14/11/2024,Compras,Compras (otros),Pago en KIABI.ES,,-4.50,318.81
11/11/2024,Alimentación,Supermercados y alimentación,Pago en AHORRAMAS 1049 LAS TABLASMADRID ES,,-21.29,323.31
10/11/2024,Otros gastos,Cajeros,Reintegro efectivo tarjeta EURO AUTOMATIC CASH ENTISAN SEBASTIANES,,-80.00,344.60
10/11/2024,Compras,Ropa y complementos,Pago en MUNICH SHOP ST SEB REYES SAN SEBASTIANES,,-50.30,424.60
10/11/2024,Ocio y viajes,"Cine, teatro y espectáculos",Pago en LASERCITY S S REYES ES,,-21.00,474.90
10/11/2024,Alimentación,Supermercados y alimentación,Pago en ALDI SAN SEBASTIAN REYES SAN SEBASTIANES,,-12.47,495.90
10/11/2024,Ocio y viajes,"Cine, teatro y espectáculos",Pago en LASERCITY S S REYES ES,,-21.00,508.37
09/11/2024,Alimentación,Supermercados y alimentación,Pago en ALDI MADRID QUINTANAVIDESMADRID ES,,-32.34,529.37
09/11/2024,Compras,Regalos y juguetes,Pago en FAMILIA DADA SL MADRID ES,,-9.15,561.71
08/11/2024,Alimentación,Supermercados y alimentación,Pago en MERCADONA C MA MADRID ES,,-100.02,570.86
07/11/2024,Alimentación,Supermercados y alimentación,Pago en MERCADONA MONTEBURGOS MADRID ES,,-30.39,670.88
07/11/2024,Compras,Regalos y juguetes,Pago en FAMILIA DADA SL MADRID ES,,-11.55,701.27
06/11/2024,Alimentación,Supermercados y alimentación,Pago en MIALCAMPO PRINCIPE CARLOSMADRID ES,,-27.59,712.82
05/11/2024,Hogar,Luz y gas,"Recibo IBERDROLA CLIENTES, S.A.U",,-55.35,740.41
04/11/2024,Alimentación,Supermercados y alimentación,Pago en MERCADONA MONTEBURGOS MADRID ES,,-59.86,795.76
04/11/2024,Educación y salud,Educación,Recibo SERVICIOS EDUCATIVOS EL VALLE DE SAN CHI,,-392.37,855.62
04/11/2024,Educación y salud,Educación,"Recibo SERVICIOS EDUCATIVOS EL VALLE DE SANCHINARRO, SLL",,-377.53,"1,247.99"
03/11/2024,Alimentación,Supermercados y alimentación,Pago en ALDI MADRID QUINTANAVIDESMADRID ES,,-34.40,"1,625.52"
03/11/2024,Vehículo y transporte,Gasolina y combustible,Pago en FELIX BUQUERIN S.L. AYLLON ES,,-40.00,"1,659.92"
02/11/2024,Hogar,Mantenimiento del hogar,Pago en MUEBLES ARRIBAS AYLLON ES,,-88.00,"1,699.92"
02/11/2024,Otros gastos,Cajeros,Comisión cajero LA CAIXA 4355 AYLLON ES,,-2.95,"1,787.92"
02/11/2024,Otros gastos,Cajeros,Reintegro efectivo tarjeta LA CAIXA 4355 AYLLON ES,,-50.00,"1,790.87"
02/11/2024,Otros ingresos,Ingresos de otras entidades,Transferencia recibida de CARLOS ANTONIO PEREZ HAURIE,,300.00,"1,840.87"
02/11/2024,Otros ingresos,Ingresos de otras entidades,Transferencia recibida de CARLOS ANTONIO PEREZ HAURIE GASTOS,,"1,416.00","1,540.87"
01/11/2024,Alimentación,Supermercados y alimentación,Pago en EROSKI AYLLON ES,,-2.30,124.87
01/11/2024,Alimentación,Supermercados y alimentación,Pago en PANADERIA MERCE MARTIN AYLLON ES,,-6.00,127.17
01/11/2024,Alimentación,Supermercados y alimentación,Pago en HERMANOS OLIVARES CACERESAYLLON ES,,-12.71,133.17
01/11/2024,Hogar,"Teléfono, TV e internet","Recibo TELEFONICA DE ESPANA, S. A. U.",,-14.00,145.88
01/11/2024,Otros gastos,Otros gastos (otros),"Recibo C.P. NICETO ALCALA ZAMORA 24-42 CL Niceto Alcala Zamora, 24",,-170.22,159.88
01/11/2024,Otros gastos,Transferencias,Transferencia emitida periódica,,-75.00,330.10
31/10/2024,Educación y salud,"Farmacia, herbolario y nutrición",Pago en FARMACIA PRINCIPE CARLOS MADRID ES,,-12.13,405.10
31/10/2024,Alimentación,Supermercados y alimentación,Devolución Tarjeta SANCHINARRO H. MADRID ES,,14.00,417.23
31/10/2024,Alimentación,Supermercados y alimentación,Pago en MERCADONA C MA MADRID ES,,-25.52,403.23
31/10/2024,Alimentación,Supermercados y alimentación,Pago en SANCHINARRO H. MADRID ES,,-29.00,428.75
31/10/2024,Otros gastos,Pago de impuestos,Cargo cuota SS,,-80.85,457.75
30/10/2024,Alimentación,Supermercados y alimentación,Pago en SANCHINARRO H. MADRID ES,,-24.45,538.60
30/10/2024,Compras,Compras (otros),Pago en Amazon.es*TR33I0C94,,-21.79,563.05
30/10/2024,Otros gastos,Transferencias,Transferencia emitida a EDY ISABEL MONTOYA MORALES Nomina Edy,,-263.00,584.84
29/10/2024,Alimentación,Supermercados y alimentación,Pago en DIA 16130 MADRID ES,,-12.08,847.84
28/10/2024,Alimentación,Supermercados y alimentación,Pago en LEVADURA MADRE MADRID ES,,-2.50,859.92
28/10/2024,Movimientos excluidos,Traspaso entre cuentas,Traspaso recibido Cuenta Nómina Vacuna Carlos,,207.00,862.42
28/10/2024,Educación y salud,"Farmacia, herbolario y nutrición",Pago en FARMACIA PRINCIPE CARLOS MADRID ES,,-206.98,655.42
27/10/2024,Alimentación,Supermercados y alimentación,Pago en MARKET EL ENCINAR MADRID ES,,-46.26,862.40
27/10/2024,Ocio y viajes,Cafeterías y restaurantes,Pago en MANACOR BOADILLA BOADILLA DEL ES,,-1.80,908.66
27/10/2024,Ocio y viajes,Cafeterías y restaurantes,Pago en MANACOR BOADILLA BOADILLA DEL ES,,-14.80,910.46
27/10/2024,Compras,Ropa y complementos,Devolución Tarjeta New Balance ECOM EU,,71.00,925.26
26/10/2024,Alimentación,Supermercados y alimentación,Pago en SANCHINARRO H. MADRID ES,,-5.90,854.26
26/10/2024,Compras,Compras (otros),Pago en EL CORTE INGLES SANCHINARMADRID ES,,-19.98,860.16
25/10/2024,Alimentación,Supermercados y alimentación,Pago en MERCADONA MONTEBURGOS MADRID ES,,-173.91,880.14
25/10/2024,Educación y salud,Educación,Pago en COLEGIO EL VALLE SANCHINAMADRID ES,,-24.00,"1,054.05"
22/10/2024,Otros gastos,Otros gastos (otros),SumUp *Principito madrid ES ,,-6.95,"1,078.05"
21/10/2024,Alimentación,Supermercados y alimentación,Pago en MIALCAMPO PRINCIPE CARLOSMADRID ES,,-4.63,"1,085.00"
20/10/2024,Otros ingresos,Ingresos de otras entidades,Transferencia recibida de MARIA DEL CARMEN LOPEZ GUIJARRO,,900.00,"1,089.63"
20/10/2024,Alimentación,Supermercados y alimentación,Pago en PASTELERIA CALA MILLOR MADRID ES,,-5.05,189.63
18/10/2024,Alimentación,Supermercados y alimentación,Pago en MIALCAMPO PRINCIPE CARLOSMADRID ES,,-3.77,194.68
17/10/2024,Alimentación,Supermercados y alimentación,Pago en MIALCAMPO PRINCIPE CARLOSMADRID ES,,-1.32,198.45
17/10/2024,Otros ingresos,Ingresos de otras entidades,Transferencia recibida de SANITAS SOCIEDAD ANONIMA DE SEGUROS 0003148222 / 04967458 / 1202401600389011,,4.36,199.77
13/10/2024,Alimentación,Supermercados y alimentación,Pago en MIALCAMPO PRINCIPE CARLOSMADRID ES,,-0.66,195.41
12/10/2024,Alimentación,Supermercados y alimentación,Pago en ALDI MADRID QUINTANAVIDESMADRID ES,,-67.05,196.07
11/10/2024,Alimentación,Supermercados y alimentación,Pago en MERCADONA C MA MADRID ES,,-124.59,263.12
11/10/2024,Otros ingresos,Ingresos de otras entidades,Transferencia recibida de MARIA DEL CARMEN LOPEZ GUIJARRO,,200.00,387.71
11/10/2024,Movimientos excluidos,Traspaso entre cuentas,Traspaso recibido Cuenta Nómina Movimiento ING,,100.00,187.71
11/10/2024,Movimientos excluidos,Traspaso entre cuentas,Traspaso recibido Cuenta Nómina Movimiento ING,,100.00,87.71
11/10/2024,Otros gastos,Otros gastos (otros),Recibo APA EL VALLE,,-20.00,-12.29
10/10/2024,Educación y salud,"Farmacia, herbolario y nutrición",Pago en FARMACIA PRINCIPE CARLOS MADRID ES,,-20.84,7.71
10/10/2024,Alimentación,Supermercados y alimentación,Pago en MIALCAMPO PRINCIPE CARLOSMADRID ES,,-7.79,28.55
10/10/2024,Compras,Compras (otros),Pago en ALIEXPRESS.COM,,-11.61,36.34
10/10/2024,Compras,Ropa y complementos,Pago en New Balance ECOM EU,,-71.00,47.95
08/10/2024,Alimentación,Supermercados y alimentación,Pago en MERCADONA MONTEBURGOS MADRID ES,,-51.32,118.95
07/10/2024,Alimentación,Supermercados y alimentación,Pago en MIALCAMPO PRINCIPE CARLOSMADRID ES,,-7.64,170.27
07/10/2024,Compras,Ropa y complementos,Pago en OKAIDI SPAIN SA,,-69.15,177.91
05/10/2024,Educación y salud,Deporte y gimnasio,Pago en C.D.E.V. SANCHINARRO MADRID ES,,-326.00,247.06
05/10/2024,Alimentación,Supermercados y alimentación,Pago en MIALCAMPO PRINCIPE CARLOSMADRID ES,,-16.54,573.06
05/10/2024,Alimentación,Supermercados y alimentación,Pago en DIA 16130 MADRID ES,,-16.88,589.60
05/10/2024,Educación y salud,Deporte y gimnasio,Pago en C.D.E.V. SANCHINARRO MADRID ES,,-326.00,606.48
05/10/2024,Otros ingresos,Ingresos de otras entidades,Transferencia recibida de MARIA DEL CARMEN LOPEZ GUIJARRO,,300.00,932.48
05/10/2024,Movimientos excluidos,Traspaso entre cuentas,Traspaso recibido Cuenta Nómina Florball Manu,,400.00,632.48
04/10/2024,Compras,Regalos y juguetes,Pago en TIGER STORES -MADRID C.C.MADRID ES,,-3.00,232.48
04/10/2024,Ocio y viajes,Cafeterías y restaurantes,Pago en DELIKIA VINCIOS ES,,-0.55,235.48
04/10/2024,Hogar,Luz y gas,"Recibo IBERDROLA CLIENTES, S.A.U",,-48.24,236.03
03/10/2024,Compras,"Belleza, peluquería y perfumería",Pago en MI PELU MADRID ES,,-29.90,284.27
02/10/2024,Alimentación,Supermercados y alimentación,Pago en MERCADONA MONTEBURGOS MADRID ES,,-84.69,314.17
02/10/2024,Hogar,Agua,"Recibo CANAL DE ISABEL II GESTION, S.",,-33.29,398.86
02/10/2024,Otros gastos,Transferencias,Transferencia emitida a CARLOS ANTONIO PEREZ HAURIE Nomina edy,,-163.00,432.15
01/10/2024,Educación y salud,Educación,"Recibo SERVICIOS EDUCATIVOS EL VALLE DE SANCHINARRO, SLL",,-377.53,595.15
01/10/2024,Hogar,"Teléfono, TV e internet","Recibo TELEFONICA DE ESPANA, S. A. U.",,-111.64,972.68
01/10/2024,Educación y salud,Educación,Recibo SERVICIOS EDUCATIVOS EL VALLE DE SAN CHI,,-392.37,"1,084.32"
01/10/2024,Otros gastos,Otros gastos (otros),"Recibo C.P. NICETO ALCALA ZAMORA 24-42 CL Niceto Alcala Zamora, 24",,-170.22,"1,476.69"
01/10/2024,Otros gastos,Transferencias,Transferencia emitida periódica,,-75.00,"1,646.91"
01/10/2024,Otros gastos,Transferencias,Transferencia emitida a BROKERS UNIDOS SA 17 Mayo Mamen López,,-300.00,"1,721.91"
30/09/2024,Alimentación,Supermercados y alimentación,Pago en DIA 16130 MADRID ES,,-11.59,"2,021.91"
30/09/2024,Alimentación,Supermercados y alimentación,Pago en SANCHINARRO H. MADRID ES,,-27.48,"2,033.50"
30/09/2024,Otros gastos,Pago de impuestos,Cargo cuota SS,,-80.85,"2,060.98"
28/09/2024,Otros ingresos,Ingresos de otras entidades,Transferencia recibida de CARLOS ANTONIO PEREZ HAURIE GASTOS,,"1,416.00","2,141.83"
27/09/2024,Alimentación,Supermercados y alimentación,Pago en MERCADONA MONTEBURGOS MADRID ES,,-71.17,725.83
27/09/2024,Alimentación,Supermercados y alimentación,Pago en MERCADONA C MA MADRID ES,,-3.50,797.00
27/09/2024,Alimentación,Supermercados y alimentación,Pago en MERCADONA C MA MADRID ES,,-27.94,800.50
26/09/2024,Alimentación,Supermercados y alimentación,Pago en ALDI MADRID QUINTANAVIDESMADRID ES,,-70.33,828.44
23/09/2024,Alimentación,Supermercados y alimentación,Pago en DIA 16130 MADRID ES,,-28.85,898.77
20/09/2024,Movimientos excluidos,Traspaso entre cuentas,Traspaso interno emitido Gastos casa rural,,-21.00,927.62
20/09/2024,Otros gastos,Transferencias,Transferencia emitida a CARLOS ANTONIO PEREZ HAURIE Compra Mercadona,,-45.00,948.62
19/09/2024,Otros ingresos,Ingresos de otras entidades,Transferencia recibida de MARIA DEL CARMEN LOPEZ GUIJARRO,,900.00,993.62
16/09/2024,Alimentación,Supermercados y alimentación,Pago en MERCADONA C MA MADRID ES,,-151.52,93.62
16/09/2024,Movimientos excluidos,Traspaso entre cuentas,Traspaso recibido Cuenta Nómina Movimiento ING,,200.00,245.14
14/09/2024,Educación y salud,Educación,Pago en COLEGIO EL VALLE SANCHINAMADRID ES,,-7.00,45.14
14/09/2024,Ocio y viajes,Cafeterías y restaurantes,Pago en AMZN Mktp ES*0260A8Y55,,-20.39,52.14
13/09/2024,Ocio y viajes,Cafeterías y restaurantes,Pago en RESTAURANTE EL NAUTICO EL ESCORIAL ES,,-142.50,72.53
13/09/2024,Otros gastos,Transferencias,Transferencia emitida a CARLOS ANTONIO PEREZ HAURIE Adelanto nomina Edy,,-100.00,215.03
12/09/2024,Alimentación,Supermercados y alimentación,Pago en MIALCAMPO PRINCIPE CARLOSMADRID ES,,-4.50,315.03
12/09/2024,Alimentación,Supermercados y alimentación,Pago en MERCADONA MONTEBURGOS MADRID ES,,-2.05,319.53
12/09/2024,Compras,Ropa y complementos,Pago en DECATHLON ESPANA S.A.U,,-26.99,321.58
11/09/2024,Alimentación,Supermercados y alimentación,Pago en MERCADONA C MA MADRID ES,,-41.98,348.57
10/09/2024,Alimentación,Supermercados y alimentación,Pago en MIALCAMPO PRINCIPE CARLOSMADRID ES,,-19.49,390.55
08/09/2024,Alimentación,Supermercados y alimentación,Pago en MIALCAMPO PRINCIPE CARLOSMADRID ES,,-4.50,410.04
07/09/2024,Compras,Regalos y juguetes,Pago en LOS CAPRICHOS DE GOYA MADRID ES,,-4.10,414.54
07/09/2024,Compras,"Belleza, peluquería y perfumería",Pago en MTHAI MADRID ES,,-49.00,418.64
07/09/2024,Educación y salud,"Farmacia, herbolario y nutrición",Pago en FARMACIA PRINCIPE CARLOS MADRID ES,,-21.85,467.64
07/09/2024,Alimentación,Supermercados y alimentación,Pago en MIALCAMPO PRINCIPE CARLOSMADRID ES,,-32.32,489.49
07/09/2024,Ocio y viajes,Cafeterías y restaurantes,Pago en AMZN Mktp ES*XL7TE2ZO5,,-19.99,521.81
07/09/2024,Compras,Compras (otros),Pago en Amazon.es*9J6XS1SF5,,-12.82,541.80
06/09/2024,Alimentación,Supermercados y alimentación,Pago en SANCHINARRO H. MADRID ES,,-37.77,554.62
06/09/2024,Compras,Compras (otros),Pago en EL CORTE INGLES SANCHINARMADRID ES,,-25.63,592.39
06/09/2024,Compras,Ropa y complementos,Pago en MADRIDNORTE SERV FRANQUICMADRID ES,,-18.22,618.02
06/09/2024,Alimentación,Supermercados y alimentación,Pago en MERCADONA MONTEBURGOS MADRID ES,,-56.77,636.24
04/09/2024,Hogar,Luz y gas,"Recibo IBERDROLA CLIENTES, S.A.U",,-57.60,693.01
03/09/2024,Alimentación,Supermercados y alimentación,Pago en DIA 16130 MADRID ES,,-31.27,750.61
02/09/2024,Educación y salud,Educación,"Recibo SERVICIOS EDUCATIVOS EL VALLE DE SANCHINARRO, SLL",,-337.00,781.88
02/09/2024,Hogar,"Teléfono, TV e internet","Recibo TELEFONICA DE ESPANA, S. A. U.",,-16.08,"1,118.88"
02/09/2024,Educación y salud,Educación,Recibo SERVICIOS EDUCATIVOS EL VALLE DE SAN CHI,,-337.00,"1,134.96"
02/09/2024,Otros gastos,Otros gastos (otros),"Recibo C.P. NICETO ALCALA ZAMORA 24-42 CL Niceto Alcala Zamora, 24",,-170.22,"1,471.96"
02/09/2024,Otros gastos,Transferencias,Transferencia emitida periódica,,-75.00,"1,642.18"
02/09/2024,Otros gastos,Transferencias,Transferencia emitida periódica,,-263.00,"1,717.18"
01/09/2024,Movimientos excluidos,Traspaso entre cuentas,Traspaso emitido Cuenta Nómina Exceso,,"-1,416.00","1,980.18"
31/08/2024,Ocio y viajes,Cafeterías y restaurantes,Pago en RESTAURANTE NOE MADRID ES,,-13.90,"3,396.18"
31/08/2024,Alimentación,Supermercados y alimentación,Pago en MERCADONA COLMENA GETAFE GETAFE ES,,-252.92,"3,410.08"
31/08/2024,Vehículo y transporte,Gasolina y combustible,Pago en 00ES004076TRUJI TRUJILLO ES,,-11.65,"3,663.00"
31/08/2024,Vehículo y transporte,Gasolina y combustible,Pago en 00ES004076TRUJI TRUJILLO ES,,-20.00,"3,674.65"
31/08/2024,Otros ingresos,Ingresos de otras entidades,Transferencia recibida de CARLOS ANTONIO PEREZ HAURIE GASTOS,,"1,416.00","3,694.65"
31/08/2024,Compras,Compras (otros),Pago en BALLENOIL BARBATE II - AVBARBATE ES,,-40.00,"2,278.65"
31/08/2024,Otros ingresos,Ingresos de otras entidades,Transferencia recibida de MARIA DEL CARMEN LOPEZ GUIJARRO,,900.00,"2,318.65"
30/08/2024,Movimientos excluidos,Traspaso entre cuentas,Traspaso recibido Cuenta Nómina Movimiento ING,,"1,416.00","1,418.65"
30/08/2024,Otros gastos,Pago de impuestos,Cargo cuota SS,,-80.85,2.65
29/08/2024,Ocio y viajes,Cafeterías y restaurantes,Pago en CON HORIZONTE BAR SLU ZAHARA DE LOSES,,-128.00,83.50
29/08/2024,Movimientos excluidos,Traspaso entre cuentas,Traspaso recibido Cuenta Nómina Movimiento ING,,100.00,211.50
29/08/2024,Alimentación,Supermercados y alimentación,Pago en ALIMENTACION BAESSIPO S.RTARIFA ES,,-8.75,111.50
28/08/2024,Alimentación,Supermercados y alimentación,Pago en LA DIFICULTOSA TARIFA ES,,-23.40,120.25
28/08/2024,Alimentación,Supermercados y alimentación,Pago en ALIMENTACION BAESSIPO S.RTARIFA ES,,-6.00,143.65
28/08/2024,Alimentación,Supermercados y alimentación,Pago en ALIMENTACION BAESSIPO S.RTARIFA ES,,-4.90,149.65
28/08/2024,Movimientos excluidos,Traspaso entre cuentas,Traspaso recibido Cuenta Nómina Movimiento ING,,100.00,154.55
27/08/2024,Alimentación,Supermercados y alimentación,Pago en ALIMENTACION BAESSIPO S.RTARIFA ES,,-7.40,54.55
26/08/2024,Educación y salud,"Farmacia, herbolario y nutrición",Pago en FARMACIA MAR 119 BARBATE ES,,-26.37,61.95
25/08/2024,Ocio y viajes,Cafeterías y restaurantes,Pago en BAR LOS NI¥OS CA OS DE MECAES,,-54.25,88.32
25/08/2024,Alimentación,Supermercados y alimentación,Pago en ALIMENTACION BAESSIPO S.RTARIFA ES,,-6.45,142.57
25/08/2024,Alimentación,Supermercados y alimentación,Pago en AUTOSERVICIO LA MARINA ZAHARA DE LOSES,,-1.00,149.02
25/08/2024,Alimentación,Supermercados y alimentación,Pago en ALIMENTACION BAESSIPO S.RTARIFA ES,,-9.25,150.02
24/08/2024,Ocio y viajes,Cafeterías y restaurantes,Pago en HELADERIA LA GOLOSONA ZAHARA DE LOSES,,-10.50,159.27
24/08/2024,Compras,Compras (otros),Pago en CASH LEPE JAMON 306 LEPE ES,,-10.37,169.77
23/08/2024,Alimentación,Supermercados y alimentación,Pago en LIDL TARIFA AHUMADA ES,,-36.77,180.14
23/08/2024,Ocio y viajes,Cafeterías y restaurantes,Pago en CAFE 10 TARIFA ES,,-4.80,216.91
23/08/2024,Movimientos excluidos,Traspaso entre cuentas,Traspaso recibido Cuenta Nómina Movimiento ING,,200.00,221.71
23/08/2024,Ocio y viajes,Cafeterías y restaurantes,Pago en CASA DEL GELATO TARIFA ES,,-17.00,21.71
23/08/2024,Ocio y viajes,Cafeterías y restaurantes,Pago en EL PERULERO TARIFA ES,,-68.50,38.71
23/08/2024,Otros gastos,Cajeros,Reintegro efectivo tarjeta EURONET RATIFA ES,,-80.00,107.21
23/08/2024,Otros gastos,Cajeros,Reintegro efectivo tarjeta EURONET RATIFA ES,,-20.00,187.21
23/08/2024,Vehículo y transporte,Gasolina y combustible,Pago en ZAHARA ZAHARA DELOS ES,,-40.00,207.21
22/08/2024,Compras,Compras (otros),Pago en CASH LEPE JAMON 306 LEPE ES,,-40.66,247.21
22/08/2024,Vehículo y transporte,Peajes,Pago en SEITT R3R5TRONCO ARROYOMOMADRID ES,,-2.50,287.87
22/08/2024,Vehículo y transporte,Peajes,Pago en SEITT R3R5TRONCO LEGANES MADRID ES,,-1.05,290.37
22/08/2024,Ocio y viajes,Cafeterías y restaurantes,Pago en ZOKARRA BEACH MADRID ES,,-5.00,291.42
22/08/2024,Alimentación,Supermercados y alimentación,Pago en ALIMENTACION BAESSIPO S.RTARIFA ES,,-4.90,296.42
21/08/2024,Ocio y viajes,Cafeterías y restaurantes,Pago en HELADERIA EL MASTREN VEJER DE LA FES,,-9.00,301.32
21/08/2024,Compras,"Belleza, peluquería y perfumería",Pago en LOWE PARAFARMACIA BARBATE ES,,-4.99,310.32
20/08/2024,Alimentación,Supermercados y alimentación,Pago en ALIMENTACION BAESSIPO S.RTARIFA ES,,-14.48,315.31
20/08/2024,Alimentación,Supermercados y alimentación,Pago en ALIMENTACION BAESSIPO S.RTARIFA ES,,-4.70,329.79
19/08/2024,Alimentación,Supermercados y alimentación,Pago en CARNICERIA LOS BARRIOS ES,,-22.00,334.49
19/08/2024,Alimentación,Supermercados y alimentación,Pago en ALIMENTACION BAESSIPO S.RTARIFA ES,,-5.65,356.49
18/08/2024,Alimentación,Supermercados y alimentación,Pago en ALIMENTACION BAESSIPO S.RTARIFA ES,,-8.05,362.14
17/08/2024,Alimentación,Supermercados y alimentación,Pago en ALIMENTACION BAESSIPO S.RTARIFA ES,,-12.15,370.19
17/08/2024,Educación y salud,"Farmacia, herbolario y nutrición",Pago en PARAFARMACIAATLANTERRA BARBATE ES,,-13.95,382.34
17/08/2024,Alimentación,Supermercados y alimentación,Pago en ALIMENTACION BAESSIPO S.RTARIFA ES,,-4.65,396.29
16/08/2024,Alimentación,Supermercados y alimentación,Pago en ALIMENTACION BAESSIPO S.RTARIFA ES,,-15.35,400.94
16/08/2024,Alimentación,Supermercados y alimentación,Pago en MERCADONA BARBATE BARBATE ES,,-252.93,416.29
16/08/2024,Vehículo y transporte,Gasolina y combustible,Pago en TOTAL SERVICE STATION FREISING DE,,-46.02,669.22
16/08/2024,Ventajas ING,Otras Ventajas ING,Abono por campaña Abono Shopping NARANJA:GALP,,1.71,715.24
16/08/2024,Alimentación,Supermercados y alimentación,Pago en Lidl sagt Danke,,-32.62,713.53
15/08/2024,Vehículo y transporte,Gasolina y combustible,Pago en SANCHINARRO MADRID ES,,-57.00,746.15
15/08/2024,Movimientos excluidos,Traspaso entre cuentas,Traspaso recibido Cuenta Nómina Veraneo,,300.00,803.15
15/08/2024,Ocio y viajes,Ocio y viajes (otros),Pago en EDITH SCHWEIGER SCHWANGAU DE,,-16.00,503.15
15/08/2024,Compras,Regalos y juguetes,Pago en SumUp *Marc Lupfer e. Schwangau DE,,-14.00,519.15
15/08/2024,Vehículo y transporte,Gasolina y combustible,Pago en Shell 2021 Aichstetten DE,,-86.00,533.15
15/08/2024,Alimentación,Supermercados y alimentación,Pago en SANCHINARRO H. MADRID ES,,-24.76,619.15
15/08/2024,Compras,Ropa y complementos,Devolución Tarjeta MNI*Callaghan,,122.81,643.91
14/08/2024,Alimentación,Supermercados y alimentación,Pago en MERCADONA C MA MADRID ES,,-72.17,521.10
14/08/2024,Movimientos excluidos,Traspaso entre cuentas,Traspaso interno recibido Movimiento ING,,100.00,593.27
14/08/2024,Ocio y viajes,Hotel y alojamiento,Pago en HOTEL ENGEL GMBH LINDAU DE,,-62.50,493.27
14/08/2024,Ocio y viajes,"Cine, teatro y espectáculos",Pago en Lindau Touris. und Kon Lindau (Bode DE,,-9.50,555.77
14/08/2024,Alimentación,Supermercados y alimentación,Pago en Lidl sagt Danke Guenzburg DE,,-37.14,565.27
14/08/2024,Ocio y viajes,Cafeterías y restaurantes,Pago en NYX*BiDuAutohofGmbH Aichstetten DE,,-1.00,602.41
14/08/2024,Ocio y viajes,Hotel y alojamiento,Devolución Tarjeta Automat Guenzburg DE,,5.00,603.41
14/08/2024,Ocio y viajes,Hotel y alojamiento,Pago en Automat Guenzburg DE,,-14.00,598.41
14/08/2024,Vehículo y transporte,Parking y garaje,Pago en LEGOLAND DEUTSCHLAND,,-4.00,612.41
13/08/2024,Otros ingresos,Ingresos de otras entidades,Transferencia recibida de MARIA DEL CARMEN LOPEZ GUIJARRO,,100.00,616.41
13/08/2024,Vehículo y transporte,Parking y garaje,Pago en LEGOLAND DEUTSCHLAND GNZBURG DE,,-4.10,516.41
13/08/2024,Ocio y viajes,Cafeterías y restaurantes,Pago en ZUNFTHAUS ULM RESTAUR ULM DE,,-88.30,520.51
13/08/2024,Alimentación,Supermercados y alimentación,Pago en Kupsch Mueller,,-14.28,608.81
12/08/2024,Vehículo y transporte,Parking y garaje,Pago en LEGOLAND Deutschland F Guenzburg DE,,-206.00,623.09
12/08/2024,Ocio y viajes,Hotel y alojamiento,Pago en Automat Guenzburg DE,,-19.00,829.09
11/08/2024,Ocio y viajes,Ocio y viajes (otros),Pago en Stadt Dinkelsbuehl PA Dinkelsbuehl DE,,-8.00,848.09
11/08/2024,Alimentación,Supermercados y alimentación,Pago en Lidl sagt Danke Rothenburg DE,,-78.84,856.09
11/08/2024,Ocio y viajes,Cafeterías y restaurantes,Pago en Kaethe Wohlfahrt Rothenburg o DE,,-14.40,934.93
11/08/2024,Ocio y viajes,Cafeterías y restaurantes,Pago en Espressolab Theresien,,-5.50,949.33
10/08/2024,Ocio y viajes,Ocio y viajes (otros),Pago en PSA 2 Rothenburg o DE,,-15.00,954.83
10/08/2024,Ocio y viajes,Cafeterías y restaurantes,Pago en Literaturhauscafe Nuernberg DE,,-66.40,969.83
10/08/2024,Alimentación,Supermercados y alimentación,Pago en Lidl sagt Danke Nuernberg DE,,-8.40,"1,036.23"
10/08/2024,Alimentación,Supermercados y alimentación,Pago en Lidl sagt Danke Nuernberg DE,,-59.08,"1,044.63"
10/08/2024,Vehículo y transporte,Gasolina y combustible,Pago en Esso Station Nuernberg,,-2.94,"1,103.71"
09/08/2024,Vehículo y transporte,Taxis y Carsharing,Pago en TAXI RAMY AL RUBAIE NUERNBERG DE,,-33.00,"1,106.65"
09/08/2024,Ocio y viajes,Cafeterías y restaurantes,Pago en Alte Kueche Im Keller Nuernberg DE,,-78.00,"1,139.65"
09/08/2024,Vehículo y transporte,Taxis y Carsharing,Pago en TAXIUNTERNEHMEN AZIZPO NRNBERG DE,,-20.90,"1,217.65"
09/08/2024,Hogar,Luz y gas,Recibo BASER COMER. REFER. SA,,-88.50,"1,238.55"
07/08/2024,Ocio y viajes,Cafeterías y restaurantes,Pago en 536 - CAFE PANS MAD T4 AIMADRID ES,,-14.55,"1,327.05"
07/08/2024,Vehículo y transporte,Taxis y Carsharing,Pago en LICENCIA 07822 VALDEMORO ES,,-25.00,"1,341.60"
07/08/2024,Otros gastos,Transferencias,Transferencia emitida a MCARMEN LOPEZ GUIJARRO Movimiento ING,,-100.00,"1,366.60"
06/08/2024,Alimentación,Supermercados y alimentación,Pago en MIALCAMPO PRINCIPE CARLOSMADRID ES,,-9.77,"1,466.60"
06/08/2024,Alimentación,Supermercados y alimentación,Pago en DIA 16130 MADRID ES,,-4.84,"1,476.37"
06/08/2024,Compras,Regalos y juguetes,Pago en FENG ZHANG MADRID ES,,-4.35,"1,481.21"
06/08/2024,Alimentación,Supermercados y alimentación,Pago en SANCHINARRO H. MADRID ES,,-16.77,"1,485.56"
06/08/2024,Compras,Compras (otros),Pago en MADRID SUC 74 (CENTRO COMMADRID ES,,-11.55,"1,502.33"
05/08/2024,Alimentación,Supermercados y alimentación,Pago en MERCADONA C MA MADRID ES,,-76.80,"1,513.88"
05/08/2024,Alimentación,Supermercados y alimentación,Pago en LA PANADERIA MADRID ES,,-5.02,"1,590.68"
05/08/2024,Ventajas ING,Otras Ventajas ING,Abono por campaña Abono Shopping NARANJA:SHELL,,0.93,"1,595.70"
04/08/2024,Alimentación,Supermercados y alimentación,Pago en SANCHINARRO H. MADRID ES,,-22.62,"1,594.77"
04/08/2024,Compras,Compras (otros),Pago en EL CORTE INGLES SANCHINARMADRID ES,,-25.20,"1,617.39"
04/08/2024,Ocio y viajes,Cafeterías y restaurantes,Pago en BAO GASTRONOMICOS MADRID ES,,-30.10,"1,642.59"
04/08/2024,Vehículo y transporte,Gasolina y combustible,Pago en ES HIDIFER SARRACIN REVILLARUZ ES,,-30.98,"1,672.69"
03/08/2024,Compras,Ropa y complementos,Pago en MNI*Callaghan,,-122.81,"1,703.67"
01/08/2024,Hogar,Agua,"Recibo CANAL DE ISABEL II GESTION, S.",,-48.66,"1,826.48"
01/08/2024,Hogar,"Teléfono, TV e internet","Recibo TELEFONICA DE ESPANA, S. A. U.",,-14.00,"1,875.14"
01/08/2024,Otros gastos,Otros gastos (otros),"Recibo C.P. NICETO ALCALA ZAMORA 24-42 CL Niceto Alcala Zamora, 24",,-230.43,"1,889.14"
01/08/2024,Otros gastos,Transferencias,Transferencia emitida periódica,,-75.00,"2,119.57"
31/07/2024,Alimentación,Supermercados y alimentación,Pago en HELADOS EL ARTICO COMILLAS ES,,-6.40,"2,194.57"
31/07/2024,Otros gastos,Pago de impuestos,Cargo cuota SS,,-80.85,"2,200.97"
31/07/2024,Hogar,Luz y gas,"Recibo IBERDROLA CLIENTES, S.A.U",,-54.99,"2,281.82"
31/07/2024,Otros ingresos,Ingresos de otras entidades,Transferencia recibida de CARLOS ANTONIO PEREZ HAURIE GASTOS,,"1,416.00","2,336.81"
31/07/2024,Otros gastos,Transferencias,Transferencia emitida a EDY ISABEL MONTOYA MORALES Nomina Edy,,-263.00,920.81
30/07/2024,Alimentación,Supermercados y alimentación,Pago en LUPA P.ESTRADA COMILLAS COMILLAS ES,,-29.19,"1,183.81"
30/07/2024,Ocio y viajes,Ocio y viajes (otros),Pago en APARCAMIENTO LA GARITA COMILLAS ES,,-3.00,"1,213.00"
28/07/2024,Ocio y viajes,Ocio y viajes (otros),Pago en APARCAMIENTO LA GARITA COMILLAS ES,,-3.00,"1,216.00"
28/07/2024,Alimentación,Supermercados y alimentación,Pago en LUPA P.ESTRADA COMILLAS COMILLAS ES,,-30.43,"1,219.00"
27/07/2024,Vehículo y transporte,Gasolina y combustible,Pago en CEDIPSA ES ALAR EL REY ALAR DEL REY ES,,-7.20,"1,249.43"
27/07/2024,Vehículo y transporte,Gasolina y combustible,Pago en CRED LAS QUINTANILLAS QUINTANILLAS ES,,-77.90,"1,256.63"
27/07/2024,Vehículo y transporte,Gasolina y combustible,Pago en CRED LAS QUINTANILLAS QUINTANILLAS ES,,-3.38,"1,334.53"
26/07/2024,Alimentación,Supermercados y alimentación,Pago en MERCADONA MONTEBURGOS MADRID ES,,-19.99,"1,337.91"
25/07/2024,Compras,Compras (otros),Pago en EL CORTE INGLES SANCHINARMADRID ES,,-2.50,"1,357.90"
25/07/2024,Compras,Compras (otros),Pago en EL CORTE INGLES SANCHINARMADRID ES,,-2.48,"1,360.40"
25/07/2024,Alimentación,Supermercados y alimentación,Pago en MIALCAMPO PRINCIPE CARLOSMADRID ES,,-16.50,"1,362.88"
24/07/2024,Compras,"Belleza, peluquería y perfumería",Pago en MI PELU MADRID ES,,-29.90,"1,379.38"
24/07/2024,Compras,Compras (otros),Pago en Amazon.es*HO11D9C95,,-7.99,"1,409.28"
21/07/2024,Alimentación,Supermercados y alimentación,Pago en DIA 16130 MADRID ES,,-6.62,"1,417.27"
21/07/2024,Alimentación,Supermercados y alimentación,Pago en MIALCAMPO PRINCIPE CARLOSMADRID ES,,-7.69,"1,423.89"
20/07/2024,Compras,Ropa y complementos,Pago en LAMFORD CENTER SAN SEBASTIANES,,-23.96,"1,431.58"
20/07/2024,Otros ingresos,Ingresos de otras entidades,Transferencia recibida de MARIA DEL CARMEN LOPEZ GUIJARRO,,850.00,"1,455.54"
20/07/2024,Alimentación,Supermercados y alimentación,Pago en MERCADONA C MA MADRID ES,,-15.72,605.54
20/07/2024,Hogar,Mantenimiento del hogar,Pago en LEROY MERLIN ALCOBENDAS ALCOBENDAS ES,,-6.99,621.26
19/07/2024,Alimentación,Supermercados y alimentación,Pago en MIALCAMPO PRINCIPE CARLOSMADRID ES,,-42.36,628.25
16/07/2024,Hogar,Mantenimiento del hogar,Pago en LEROY MERLIN ALCOBENDAS ALCOBENDAS ES,,-5.99,670.61
16/07/2024,Otros gastos,Transferencias,Transferencia emitida a CARLOS ANTONIO PEREZ HAURIE Comida Hontanares,,-118.00,676.60
15/07/2024,Alimentación,Supermercados y alimentación,Pago en DIA RETAIL ESPA�A MADRID MADRID ES,,-35.75,794.60
14/07/2024,Alimentación,Supermercados y alimentación,Pago en SANCHINARRO H. MADRID ES,,-48.18,830.35
13/07/2024,Vehículo y transporte,Gasolina y combustible,Pago en E.S. MIRASIERRA SANTO TOME DEES,,-50.07,878.53
12/07/2024,Alimentación,Supermercados y alimentación,Pago en MERCADONA MONTEBURGOS MADRID ES,,-49.30,928.60
10/07/2024,Alimentación,Supermercados y alimentación,Pago en MERCADONA MONTEBURGOS MADRID ES,,-57.30,977.90
10/07/2024,Ocio y viajes,Cafeterías y restaurantes,Pago en AMZN Mktp ES*331RL4KF5,,-9.59,"1,035.20"
09/07/2024,Ocio y viajes,Cafeterías y restaurantes,Pago en OP DE SERV SANCHINARRO MADRID ES,,-173.90,"1,044.79"
08/07/2024,Alimentación,Supermercados y alimentación,Pago en MERCADONA C MA MADRID ES,,-12.25,"1,218.69"
07/07/2024,Alimentación,Supermercados y alimentación,Pago en ALDI MADRID QUINTANAVIDESMADRID ES,,-39.63,"1,230.94"
05/07/2024,Alimentación,Supermercados y alimentación,Pago en MERCADONA C MA MADRID ES,,-43.99,"1,270.57"
04/07/2024,Alimentación,Supermercados y alimentación,Pago en DIA 16130 MADRID ES,,-26.14,"1,314.56"
04/07/2024,Alimentación,Supermercados y alimentación,Pago en MERCADONA ONLINE WEB ES,,-224.54,"1,340.70"
02/07/2024,Vehículo y transporte,Peajes,Pago en SEITT R3R5TRONCO ARROYOMO,,-2.50,"1,565.24"
02/07/2024,Vehículo y transporte,Peajes,Pago en SEITT R3R5TRONCO LEGANES,,-1.05,"1,567.74"
02/07/2024,Otros ingresos,Ingresos de otras entidades,Transferencia recibida de CARLOS ANTONIO PEREZ HAURIE GASTOS,,"1,416.00","1,568.79"
01/07/2024,Otros gastos,Transferencias,Transferencia emitida a CARLOS ANTONIO PEREZ HAURIE N�mina Edy,,-213.00,152.79
01/07/2024,Hogar,Luz y gas,"Recibo IBERDROLA CLIENTES, S.A.U",,-56.88,365.79
01/07/2024,Hogar,"Teléfono, TV e internet","Recibo TELEFONICA DE ESPANA, S. A. U.",,-14.00,422.67
01/07/2024,Otros gastos,Otros gastos (otros),"Recibo C.P. NICETO ALCALA ZAMORA 24-42 CL Niceto Alcala Zamora, 24",,-230.43,436.67
01/07/2024,Otros gastos,Transferencias,Transferencia emitida periódica,,-75.00,667.10
30/06/2024,Alimentación,Supermercados y alimentación,Pago en aliexpress,,-33.63,742.10
29/06/2024,Otros gastos,Comisiones e intereses,Comisión cajero BANCO SANTANDER CANDELEDA ES,,-2.95,775.73
29/06/2024,Otros gastos,Cajeros,Reintegro efectivo tarjeta BANCO SANTANDER CANDELEDA ES,,-60.00,778.68
29/06/2024,Alimentación,Supermercados y alimentación,Pago en FRUTAS RADILLO CANDELEDA ES,,-11.53,838.68
29/06/2024,Compras,Ropa y complementos,Pago en EL BAUL DE PAULA CANDELEDA ES,,-25.99,850.21
28/06/2024,Alimentación,Supermercados y alimentación,Pago en SUPERMERCADO DIA CANDELEDCANDELEDA ES,,-10.86,876.20
28/06/2024,Alimentación,Supermercados y alimentación,Pago en UNION ALMANZOR CANDELEDA ES,,-37.75,887.06
28/06/2024,Otros gastos,Pago de impuestos,Cargo cuota SS,,-80.85,924.81
28/06/2024,Otros gastos,Pago de impuestos,Cargo cuota SS,,-3.97,"1,005.66"
27/06/2024,Vehículo y transporte,Gasolina y combustible,Pago en E.S. CAZALEGAS II CAZALEGAS ES,,-44.65,"1,009.63"
26/06/2024,Alimentación,Supermercados y alimentación,Pago en DIA SANCHINARRO MADRID ES,,-18.41,"1,054.28"
26/06/2024,Ocio y viajes,Ocio y viajes (otros),Pago en Ayuntamiento de Cadele Candeleda ES,,-2.25,"1,072.69"
24/06/2024,Otros gastos,Comisiones e intereses,Comisión cajero BANCO SANTANDER CANDELEDA ES,,-2.95,"1,074.94"
24/06/2024,Otros gastos,Cajeros,Reintegro efectivo tarjeta BANCO SANTANDER CANDELEDA ES,,-60.00,"1,077.89"
23/06/2024,Ocio y viajes,Cafeterías y restaurantes,Pago en PIZZERIA RAYBEN CANDELEDA ES,,-23.50,"1,137.89"
23/06/2024,Ocio y viajes,Cafeterías y restaurantes,Pago en BAR RESTAURANTE LA MATA SMADRIGAL DE LES,,-13.90,"1,161.39"
23/06/2024,Alimentación,Supermercados y alimentación,Pago en SUPERMERCADO JIN CANDELEDA ES,,-9.00,"1,175.29"
22/06/2024,Ocio y viajes,Hotel y alojamiento,Pago en R.O. JIMENEZ ROSILLO CANDELEDA ES,,-5.00,"1,184.29"
22/06/2024,Ocio y viajes,Hotel y alojamiento,Pago en R.O. JIMENEZ ROSILLO CANDELEDA ES,,-68.50,"1,189.29"
22/06/2024,Alimentación,Supermercados y alimentación,Pago en UNION ALMANZOR CANDELEDA ES,,-91.18,"1,257.79"
22/06/2024,Alimentación,Supermercados y alimentación,Pago en UNION ALMANZOR CANDELEDA ES,,-1.50,"1,348.97"
22/06/2024,Vehículo y transporte,Gasolina y combustible,Pago en ANGORA NR CANDELEDA ES,,-40.00,"1,350.47"
21/06/2024,Otros ingresos,Ingresos de otras entidades,Transferencia recibida de MARIA DEL CARMEN LOPEZ GUIJARRO,,400.00,"1,390.47"
20/06/2024,Compras,Ropa y complementos,Devolución Tarjeta ZARA MADRID CC MORALEJA ALCOBENDAS ES,,9.95,990.47
19/06/2024,Otros ingresos,Ingresos de otras entidades,Transferencia recibida de MARIA DEL CARMEN LOPEZ GUIJARRO,,900.00,980.52
19/06/2024,Alimentación,Supermercados y alimentación,Pago en SANCHINARRO H. MADRID ES,,-15.22,80.52
19/06/2024,Compras,Compras (otros),Pago en EL CORTE INGLES SANCHINARMADRID ES,,-25.15,95.74
19/06/2024,Educación y salud,"Farmacia, herbolario y nutrición",Pago en FARMACIA PRINCIPE CARLOS MADRID ES,,-17.48,120.89
17/06/2024,Alimentación,Supermercados y alimentación,Pago en MERCADONA C MA MADRID ES,,-21.55,138.37
17/06/2024,Movimientos excluidos,Traspaso entre cuentas,Traspaso recibido Cuenta Nómina Movimiento ING,,150.00,159.92
17/06/2024,Movimientos excluidos,Traspaso entre cuentas,Traspaso interno emitido Movimiento ING,,-350.00,9.92
17/06/2024,Otros gastos,Cajeros,Reintegro efectivo tarjeta UNICAJA SANCHINARRO ES,,-500.00,359.92
17/06/2024,Movimientos excluidos,Traspaso entre cuentas,Traspaso recibido Cuenta Nómina Campamentos ,,850.00,859.92
15/06/2024,Alimentación,Supermercados y alimentación,Pago en MALLORQUINA NUEVA MG ALCOBENDAS ES,,-4.00,9.92
15/06/2024,Movimientos excluidos,Traspaso entre cuentas,Traspaso recibido Cuenta Nómina Movimiento ING,,50.00,13.92
14/06/2024,Alimentación,Supermercados y alimentación,Pago en MERCADONA C MA MADRID ES,,-259.63,-36.08
14/06/2024,Movimientos excluidos,Traspaso entre cuentas,Traspaso interno recibido Co ml pra,,200.00,223.55
12/06/2024,Hogar,Luz y gas,Recibo BASER COMER. REFER. SA,,-76.08,23.55
11/06/2024,Hogar,Mantenimiento del hogar,Pago en LEROY MERLIN ALCOBENDAS ALCOBENDAS ES,,-9.29,99.63
10/06/2024,Alimentación,Supermercados y alimentación,Pago en DIA RETAIL ESPA¥A MADRID MADRID ES,,-35.62,108.92
09/06/2024,Alimentación,Supermercados y alimentación,Pago en SANCHINARRO H. MADRID ES,,-30.14,144.54
07/06/2024,Alimentación,Supermercados y alimentación,Pago en MERCADONA C MA MADRID ES,,-133.06,174.68
06/06/2024,Alimentación,Supermercados y alimentación,Pago en AUTOSERVICIO MADRID ES,,-9.00,307.74
06/06/2024,Alimentación,Supermercados y alimentación,Pago en EXPARSORI4 MADRID ES,,-2.50,316.74
04/06/2024,Educación y salud,Educación,Pago en COLEGIO EL VALLE SANCHINAMADRID ES,,-18.00,319.24
04/06/2024,Ventajas ING,Otras Ventajas ING,Abono por campaña Abono Shopping NARANJA:GALP,,1.20,337.24
04/06/2024,Otros ingresos,Ingresos de otras entidades,Transferencia recibida de MARIA DEL CARMEN LOPEZ GUIJARRO,,200.00,336.04
04/06/2024,Hogar,Agua,"Recibo CANAL DE ISABEL II GESTION, S.",,-45.24,136.04
03/06/2024,Alimentación,Supermercados y alimentación,Pago en ATICO COFFEE MADRID ES,,-10.64,181.28
03/06/2024,Movimientos excluidos,Traspaso entre cuentas,Traspaso interno recibido Movimiento ING,,200.00,191.92
03/06/2024,Vehículo y transporte,Mantenimiento de vehículo,Pago en BEAUTY CAR,,-55.00,-8.08
03/06/2024,Hogar,Luz y gas,"Recibo IBERDROLA CLIENTES, S.A.U",,-64.00,46.92
03/06/2024,Educación y salud,Educación,Recibo SERVICIOS EDUCATIVOS EL VALLE DE SAN CHI,,-313.00,110.92
03/06/2024,Hogar,"Teléfono, TV e internet","Recibo TELEFONICA DE ESPANA, S. A. U.",,-14.00,423.92
03/06/2024,Educación y salud,Educación,"Recibo SERVICIOS EDUCATIVOS EL VALLE DE SANCHINARRO, SLL",,-313.00,437.92
03/06/2024,Otros gastos,Otros gastos (otros),"Recibo C.P. NICETO ALCALA ZAMORA 24-42 CL Niceto Alcala Zamora, 24",,-230.43,750.92
03/06/2024,Otros gastos,Transferencias,Transferencia emitida periódica,,-75.00,981.35
02/06/2024,Vehículo y transporte,Gasolina y combustible,Pago en SANCHINARRO MADRID ES,,-40.00,"1,056.35"
02/06/2024,Alimentación,Supermercados y alimentación,Pago en OBRADOR DE GOYA SANCHINARMADRID ES,,-3.50,"1,096.35"
01/06/2024,Alimentación,Supermercados y alimentación,Pago en MERCADONA MONTEBURGOS MADRID ES,,-112.29,"1,099.85"
31/05/2024,Otros gastos,Pago de impuestos,Cargo cuota SS,,-3.97,"1,212.14"
31/05/2024,Otros gastos,Pago de impuestos,Cargo cuota SS,,-80.85,"1,216.11"
31/05/2024,Otros gastos,Pago de impuestos,Recibo AYUNTAMIENTO DE MADRID,,-129.00,"1,296.96"
31/05/2024,Otros ingresos,Ingresos de otras entidades,Transferencia recibida de CARLOS ANTONIO PEREZ HAURIE GASTOS,,"1,416.00","1,425.96"
30/05/2024,Compras,"Belleza, peluquería y perfumería",Pago en MI PELU MADRID ES,,-29.90,9.96
29/05/2024,Alimentación,Supermercados y alimentación,Pago en DIA SAN CHINARRO MADRID ES,,-10.01,39.86
29/05/2024,Alimentación,Supermercados y alimentación,Pago en MIALCAMPO PRINCIPE CARLOSMADRID ES,,-12.51,49.87
29/05/2024,Otros gastos,Transferencias,Transferencia emitida a EDY ISABEL MONTOYA MORALES Nomina Edy,,-263.00,62.38
28/05/2024,Compras,Ropa y complementos,Pago en OKAIDI SPAIN SA,,-15.99,325.38
27/05/2024,Alimentación,Supermercados y alimentación,Pago en MERCADONA C MA MADRID ES,,-113.16,341.37
26/05/2024,Alimentación,Supermercados y alimentación,Pago en MIALCAMPO PRINCIPE CARLOSMADRID ES,,-18.64,454.53
25/05/2024,Compras,Ropa y complementos,Pago en ZARA MADRID CC PLENILUNIOMADRID ES,,-40.88,473.17
25/05/2024,Ocio y viajes,Cafeterías y restaurantes,Pago en RESTAURANTE HAK SAN CHINAMADRID ES,,-60.00,514.05
24/05/2024,Alimentación,Supermercados y alimentación,Pago en DIA RETAIL ESPA¥A MADRID MADRID ES,,-94.13,574.05
24/05/2024,Compras,Ropa y complementos,Pago en REPARAC. CALZADO ESTEBAN MADRID ES,,-10.00,668.18
24/05/2024,Otros ingresos,Ingresos de otras entidades,Transferencia recibida de MARIA DEL CARMEN LOPEZ GUIJARRO Reservas futbol y hockey,,400.00,678.18
24/05/2024,Educación y salud,Deporte y gimnasio,Pago en C.D.E.V. SANCHINARRO MADRID ES,,-200.00,278.18
24/05/2024,Educación y salud,Deporte y gimnasio,Pago en C.D.E.V. SANCHINARRO MADRID ES,,-200.00,478.18
23/05/2024,Alimentación,Supermercados y alimentación,Pago en DIA RETAIL ESPA¥A MADRID MADRID ES,,-12.74,678.18
23/05/2024,Alimentación,Supermercados y alimentación,Pago en GOURMET DEL PINAR MADRID ES,,-10.59,690.92
22/05/2024,Otros gastos,Transferencias,Transferencia emitida a AMPA COLEGIO EL VALLE SANCHINARR Pérez López 4,,-40.00,701.51
20/05/2024,Alimentación,Supermercados y alimentación,Pago en LEVADURA MADRE MADRID ES,,-4.89,741.51
20/05/2024,Alimentación,Supermercados y alimentación,Pago en ALDI MADRID QUINTANAVIDESMADRID ES,,-18.00,746.40
19/05/2024,,,Traspaso interno emitido Devolución descubierto ,,-100.00,764.40
19/05/2024,Otros ingresos,Ingresos de otras entidades,Transferencia recibida de MARIA DEL CARMEN LOPEZ GUIJARRO,,900.00,864.40
19/05/2024,Alimentación,Supermercados y alimentación,Pago en DIA RETAIL ESPA¥A MADRID MADRID ES,,-61.03,-35.60
18/05/2024,Alimentación,Supermercados y alimentación,Pago en SANCHINARRO H. MADRID ES,,-53.11,25.43
16/05/2024,Educación y salud,"Farmacia, herbolario y nutrición",Pago en FARMACIA PRINCIPE CARLOS MADRID ES,,-12.13,78.54
16/05/2024,Alimentación,Supermercados y alimentación,Pago en DIA RETAIL ESPA¥A MADRID MADRID ES,,-8.86,90.67
15/05/2024,Movimientos excluidos,Traspaso entre cuentas,Traspaso interno recibido Movimiento ING,,100.00,99.53
15/05/2024,Otros gastos,Otros gastos (otros),"Recibo DESARROLLOS ECOLOGICOS EL VALLE, SL",,-97.00,-0.47
14/05/2024,Alimentación,Supermercados y alimentación,Pago en MERCADONA C MA MADRID ES,,-68.75,96.53
13/05/2024,Educación y salud,Deporte y gimnasio,Pago en DECATHLON ALCOBENDAS ALCOBENDAS ES,,-26.97,165.28
13/05/2024,Otros ingresos,Ingresos de otras entidades,Transferencia recibida de MARIA DEL CARMEN LOPEZ GUIJARRO,,200.00,192.25
12/05/2024,Alimentación,Supermercados y alimentación,Pago en SANCHINARRO H. MADRID ES,,-53.30,-7.75
12/05/2024,Alimentación,Supermercados y alimentación,Pago en MIALCAMPO PRINCIPE CARLOSMADRID ES,,-6.10,45.55
12/05/2024,Compras,Compras (otros),Pago en AMZN Mktp ES*HC8882J44,,-11.99,51.65
11/05/2024,Alimentación,Supermercados y alimentación,Pago en GRUPO AHORRAMAS 1373 MADRID ES,,-15.27,63.64
11/05/2024,Alimentación,Supermercados y alimentación,Pago en MERCADONA C MA MADRID ES,,-148.10,78.91
11/05/2024,Movimientos excluidos,Traspaso entre cuentas,Traspaso recibido Cuenta Nómina Movimiento ING,,200.00,227.01
10/05/2024,Alimentación,Supermercados y alimentación,Pago en MIALCAMPO PRINCIPE CARLOSMADRID ES,,-15.31,27.01
07/05/2024,Alimentación,Supermercados y alimentación,Pago en MIALCAMPO PRINCIPE CARLOSMADRID ES,,-4.43,42.32
07/05/2024,Otros gastos,Transferencias,Transferencia emitida a Campamento Futbol Comillas Manuel y Alejandro Pérez López campamento futbol,,-190.00,46.75
06/05/2024,Alimentación,Supermercados y alimentación,Pago en MIALCAMPO PRINCIPE CARLOSMADRID ES,,-2.47,236.75
06/05/2024,Alimentación,Supermercados y alimentación,Pago en DIA SANCHINARRO MADRID ES,,-12.51,239.22
06/05/2024,Alimentación,Supermercados y alimentación,Pago en MERCADONA ONLINE WEB ES,,-204.96,251.73
05/05/2024,Alimentación,Supermercados y alimentación,Pago en DIA RETAIL ESPA¥A MADRID MADRID ES,,-10.15,456.69
04/05/2024,Alimentación,Supermercados y alimentación,Pago en ULTRAMARINOS TINITA COMILLAS ES,,-1.05,466.84
04/05/2024,Movimientos excluidos,Traspaso entre cuentas,Traspaso interno emitido Nómina Edy,,-163.00,467.89
03/05/2024,Alimentación,Supermercados y alimentación,Pago en LUPA C CERVANTES COMILLASCOMILLAS ES,,-1.56,630.89
03/05/2024,Compras,Regalos y juguetes,Pago en EL CAPRICHO DE GAUDI COMILLAS ES,,-29.30,632.45
03/05/2024,Educación y salud,Educación,"Recibo SERVICIOS EDUCATIVOS EL VALLE DE SANCHINARRO, SLL",,-313.00,661.75
03/05/2024,Educación y salud,Educación,Recibo SERVICIOS EDUCATIVOS EL VALLE DE SAN CHI,,-313.00,974.75
02/05/2024,Alimentación,Supermercados y alimentación,Pago en LUPA P.ESTRADA COMILLAS COMILLAS ES,,-69.86,"1,287.75"
02/05/2024,Hogar,Luz y gas,"Recibo IBERDROLA CLIENTES, S.A.U",,-54.11,"1,357.61"
02/05/2024,Hogar,"Teléfono, TV e internet","Recibo TELEFONICA DE ESPANA, S. A. U.",,-13.09,"1,411.72"
02/05/2024,Otros gastos,Otros gastos (otros),"Recibo C.P. NICETO ALCALA ZAMORA 24-42 CL Niceto Alcala Zamora, 24",,-230.43,"1,424.81"
02/05/2024,Otros gastos,Transferencias,Transferencia emitida periódica,,-75.00,"1,655.24"
01/05/2024,Alimentación,Supermercados y alimentación,Pago en ULTRAMARINOS TINITA COMILLAS ES,,-3.20,"1,730.24"
01/05/2024,Alimentación,Supermercados y alimentación,Pago en HELADOS EL ARTICO COMILLAS ES,,-6.40,"1,733.44"
01/05/2024,Vehículo y transporte,Gasolina y combustible,Pago en ESTAC SERVICIO HERMELA S VILLAGONZALO ES,,-68.26,"1,739.84"
01/05/2024,Otros ingresos,Ingresos de otras entidades,Transferencia recibida de CARLOS ANTONIO PEREZ HAURIE GASTOS,,"1,416.00","1,808.10"
30/04/2024,Otros gastos,Pago de impuestos,Cargo cuota SS,,-80.85,392.10
29/04/2024,Alimentación,Supermercados y alimentación,Pago en MERCADONA C MA MADRID ES,,-48.28,472.95
28/04/2024,Alimentación,Supermercados y alimentación,Pago en DIA RETAIL ESPA¥A MADRID MADRID ES,,-27.74,521.23
28/04/2024,Compras,Regalos y juguetes,Pago en BAZAR GRAN AHORRO MADRID ES,,-2.00,548.97
28/04/2024,Compras,Regalos y juguetes,Pago en BAZAR GRAN AHORRO MADRID ES,,-8.75,550.97
27/04/2024,Alimentación,Supermercados y alimentación,Pago en LIDL MAD-AVDA. MEDITERR\NMADRID ES,,-42.31,559.72
27/04/2024,Alimentación,Supermercados y alimentación,Pago en SANCHINARRO H. MADRID ES,,-22.27,602.03
22/04/2024,Educación y salud,"Farmacia, herbolario y nutrición",Pago en FARMACIA PRINCIPE CARLOS MADRID ES,,-3.00,624.30
22/04/2024,Alimentación,Supermercados y alimentación,Pago en MIALCAMPO PRINCIPE CARLOSMADRID ES,,-16.71,627.30
20/04/2024,Alimentación,Supermercados y alimentación,Pago en MERCADONA MONTEBURGOS MADRID ES,,-43.15,644.01
19/04/2024,Alimentación,Supermercados y alimentación,Pago en MERCADONA C MA MADRID ES,,-100.20,687.16
19/04/2024,Movimientos excluidos,Traspaso entre cuentas,Traspaso emitido Cuenta Nómina Adelanto ,,-200.00,787.36
19/04/2024,Otros ingresos,Ingresos de otras entidades,Transferencia recibida de MARIA DEL CARMEN LOPEZ GUIJARRO,,900.00,987.36
18/04/2024,Movimientos excluidos,Traspaso entre cuentas,Traspaso recibido Cuenta Nómina desscubierto,,100.00,87.36
18/04/2024,Alimentación,Supermercados y alimentación,Pago en MERCADONA MONTEBURGOS MADRID ES,,-20.71,-12.64
16/04/2024,Alimentación,Supermercados y alimentación,Pago en SANCHINARRO H. MADRID ES,,-59.28,8.07
15/04/2024,Otros gastos,Transferencias,Transferencia emitida a Ampa Valle Sanchinarro Familia Pérez López EVENTO VISITA CÍVITAS METROPOLITANO,,-16.00,67.35
12/04/2024,Movimientos excluidos,Traspaso entre cuentas,Traspaso recibido Cuenta Nómina Movimiento ING,,100.00,83.35
12/04/2024,Alimentación,Supermercados y alimentación,Pago en MERCADONA C MA MADRID ES,,-113.41,-16.65
10/04/2024,Alimentación,Supermercados y alimentación,Pago en MIALCAMPO PRINCIPE CARLOSMADRID ES,,-9.80,96.76
10/04/2024,Otros ingresos,Ingresos de otras entidades,Transferencia recibida de MARIA DEL CARMEN LOPEZ GUIJARRO,,99.00,106.56
09/04/2024,Hogar,Luz y gas,Recibo BASER COMER. REFER. SA,,-83.73,7.56
08/04/2024,Movimientos excluidos,Traspaso entre cuentas,Traspaso recibido Cuenta Nómina Descubierto ,,100.00,91.29
08/04/2024,Ocio y viajes,Cafeterías y restaurantes,Pago en DELIKIA VINCIOS ES,,-1.70,-8.71
07/04/2024,Alimentación,Supermercados y alimentación,Pago en ALDI MADRID QUINTANAVIDESMADRID ES,,-71.15,-7.01
07/04/2024,Compras,Compras (otros),Pago en BK22891 VALDEBEBAS MADRID ES,,-19.39,64.14
06/04/2024,Alimentación,Supermercados y alimentación,Pago en DIA SAN CHINARRO MADRID ES,,-7.60,83.53
06/04/2024,Ocio y viajes,Cafeterías y restaurantes,Pago en STARBUCKS CC MORALEJA GREALCOBENDAS MAES,,-6.62,91.13
06/04/2024,Alimentación,Supermercados y alimentación,Pago en SSR CC MORALEJA GREEN. ALCOBENDAS ES,,-1.33,97.75
05/04/2024,Ocio y viajes,"Cine, teatro y espectáculos",Pago en ILUSIONA DIVERSIA ALCOBENDAS ES,,-89.50,99.08
05/04/2024,Otros ingresos,Ingresos de otras entidades,Transferencia recibida de MARIA DEL CARMEN LOPEZ GUIJARRO,,200.00,188.58
05/04/2024,Movimientos excluidos,Traspaso entre cuentas,Traspaso interno recibido Descubierto ,,200.00,-11.42
05/04/2024,Educación y salud,Educación,"Recibo SERVICIOS EDUCATIVOS EL VALLE DE SANCHINARRO, SLL",,-169.50,-211.42
05/04/2024,Educación y salud,Educación,"Recibo SERVICIOS EDUCATIVOS EL VALLE DE SANCHINARRO, SLL",,-126.00,-41.92
04/04/2024,Hogar,Luz y gas,Recibo Red Ofisat S.L.U.,,-198.78,84.08
03/04/2024,Vehículo y transporte,Parking y garaje,Pago en HOSPITAL LA MOR MADRID ES,,-5.50,282.86
03/04/2024,Hogar,Agua,"Recibo CANAL DE ISABEL II GESTION, S.",,-45.84,288.36
03/04/2024,Hogar,Luz y gas,"Recibo IBERDROLA CLIENTES, S.A.U",,-58.03,334.20
02/04/2024,Alimentación,Supermercados y alimentación,Pago en MERCADONA ONLINE WEB ES,,-193.13,392.23
02/04/2024,Educación y salud,Educación,Recibo SERVICIOS EDUCATIVOS EL VALLE DE SAN CHI,,-313.00,585.36
02/04/2024,Educación y salud,Educación,"Recibo SERVICIOS EDUCATIVOS EL VALLE DE SANCHINARRO, SLL",,-313.00,898.36
02/04/2024,Otros ingresos,Ingresos de otras entidades,Transferencia recibida de CARLOS ANTONIO PEREZ HAURIE GASTOS,,"1,416.00","1,211.36"
02/04/2024,Hogar,"Teléfono, TV e internet","Recibo TELEFONICA DE ESPANA, S. A. U.",,-11.99,-204.64
02/04/2024,Otros gastos,Otros gastos (otros),"Recibo C.P. NICETO ALCALA ZAMORA 24-42 CL Niceto Alcala Zamora, 24",,-230.43,-192.65
02/04/2024,Otros gastos,Transferencias,Transferencia emitida periódica,,-75.00,37.78
02/04/2024,Otros gastos,Transferencias,Transferencia emitida a EDY ISABEL MONTOYA MORALES Nomina Edy,,-263.00,112.78
01/04/2024,Alimentación,Supermercados y alimentación,Pago en MIALCAMPO PRINCIPE CARLOSMADRID ES,,-5.18,375.78
01/04/2024,Otros gastos,Transferencias,Traspaso interno emitido Casita del inglés ,,-97.00,380.96
31/03/2024,Alimentación,Supermercados y alimentación,Pago en DIA RETAIL ESPA¥A MADRID MADRID ES,,-20.30,477.96
29/03/2024,Alimentación,Supermercados y alimentación,Pago en HERMANOS OLIVARES CACERESAYLLON ES,,-5.98,498.26
27/03/2024,Alimentación,Supermercados y alimentación,Pago en EROSKI AYLLON ES,,-57.62,504.24
27/03/2024,Otros gastos,Pago de impuestos,Cargo cuota SS,,-76.88,561.86
26/03/2024,Otros gastos,Comisiones e intereses,Comisión cajero CAJA DE AH.Y PENSIONES DEAYLLON ES,,-2.95,638.74
26/03/2024,Otros gastos,Cajeros,Reintegro efectivo tarjeta CAJA DE AH.Y PENSIONES DEAYLLON ES,,-40.00,641.69
25/03/2024,Otros gastos,Comisiones e intereses,Comisión cajero CAJA DE AH.Y PENSIONES DEAYLLON ES,,-2.95,681.69
25/03/2024,Otros gastos,Cajeros,Reintegro efectivo tarjeta CAJA DE AH.Y PENSIONES DEAYLLON ES,,-50.00,684.64
25/03/2024,Compras,Compras (otros),Pago en ESTANCO PLAZA AYLLON ES,,-9.50,734.64
25/03/2024,Alimentación,Supermercados y alimentación,Pago en EROSKI AYLLON ES,,-34.11,744.14
25/03/2024,Ventajas ING,Otras Ventajas ING,Abono por campaña Abono Shopping NARANJA:GALP,,1.50,778.25
24/03/2024,Vehículo y transporte,Gasolina y combustible,Pago en SANCHINARRO MADRID ES,,-50.01,776.75
23/03/2024,Educación y salud,"Farmacia, herbolario y nutrición",Pago en FARMACIA SANCHINARRO MADRID ES,,-8.71,826.76
23/03/2024,Ocio y viajes,"Libros, música y videojuegos",Pago en I.C.R. RUBIO S.L. ALCOBENDAS ES,,-5.00,835.47
23/03/2024,Alimentación,Supermercados y alimentación,Pago en ATICO COFFEE MADRID ES,,-1.92,840.47
23/03/2024,Compras,"Belleza, peluquería y perfumería",Pago en MI PELU MADRID ES,,-29.90,842.39
22/03/2024,Otros ingresos,Ingresos de otras entidades,Transferencia recibida de MARIA DEL CARMEN LOPEZ GUIJARRO,,900.00,872.29
21/03/2024,Alimentación,Supermercados y alimentación,Pago en SANCHINARRO H. MADRID ES,,-9.98,-27.71
21/03/2024,Compras,Compras (otros),Pago en WWW.AMAZON* 404 935250,,-11.35,-17.73
20/03/2024,Alimentación,Supermercados y alimentación,Pago en AUTOSERVICIO MADRID ES,,-3.95,-6.38
20/03/2024,Compras,Compras (otros),Pago en WWW.AMAZON* 404 847280,,-8.00,-2.43
19/03/2024,Alimentación,Supermercados y alimentación,Pago en MERCADONA C MA MADRID ES,,-50.25,5.57
18/03/2024,Alimentación,Supermercados y alimentación,Pago en MERCADONA COLMENA GETAFE GETAFE ES,,-228.71,55.82
17/03/2024,Educación y salud,Deporte y gimnasio,Pago en DECATHLON ALCOBENDAS ALCOBENDAS ES,,-29.99,284.53
17/03/2024,Educación y salud,Deporte y gimnasio,Devolución Tarjeta DECATHLON ALCOBENDAS ALCOBENDAS ES,,19.99,314.52
17/03/2024,Ocio y viajes,"Cine, teatro y espectáculos",Pago en ILUSIONA CITY BARCELONA ES,,-40.00,294.53
17/03/2024,Educación y salud,Deporte y gimnasio,Pago en DECATHLON ON LINE GETAFE ES,,-22.99,334.53
17/03/2024,Educación y salud,Deporte y gimnasio,Pago en DECATHLON ON LINE GETAFE ES,,-28.99,357.52
17/03/2024,Vehículo y transporte,Peajes,Pago en ATPSEITT N IIT >M 50S,,-4.95,386.51
17/03/2024,Vehículo y transporte,Peajes,Pago en ATPSEITT Alcobenda >Alco,,-0.60,391.46
16/03/2024,Compras,Regalos y juguetes,Pago en FUTBOLMANIA BARCELONA ES,,-35.98,392.06
16/03/2024,Alimentación,Supermercados y alimentación,Devolución Tarjeta SANCHINARRO H. MADRID ES,,15.00,428.04
16/03/2024,Ocio y viajes,Cafeterías y restaurantes,Pago en RODILLA MADRID ES,,-4.50,413.04
16/03/2024,Vehículo y transporte,Peajes,Pago en ATPSEITT M 50N >N IIT,,-4.95,417.54
16/03/2024,Vehículo y transporte,Peajes,Pago en ATPSEITT Alcobenda >Alco,,-0.60,422.49
14/03/2024,Alimentación,Supermercados y alimentación,Pago en CARREF ALCOBENDAS ALCOBENDAS ES,,-24.87,423.09
14/03/2024,Compras,Regalos y juguetes,Pago en SUPER CHINA ALCOBENDAS ES,,-12.95,447.96
13/03/2024,Alimentación,Supermercados y alimentación,Pago en MIALCAMPO PRINCIPE CARLOSMADRID ES,,-12.51,460.91
12/03/2024,Educación y salud,Deporte y gimnasio,Pago en DECATHLON ON LINE GETAFE ES,,-19.99,473.42
11/03/2024,Compras,Compras (otros),Pago en EL CORTE INGLES SANCHINARMADRID ES,,-15.45,493.41
11/03/2024,Alimentación,Supermercados y alimentación,Pago en SANCHINARRO H. MADRID ES,,-20.75,508.86
11/03/2024,Compras,Compras (otros),Pago en AYTO MADRID DEPORTES MADRID ES,,-2.50,529.61
10/03/2024,Otros ingresos,Ingresos de otras entidades,Transferencia recibida de MARIA DEL CARMEN LOPEZ GUIJARRO Apartamento Panticosa,,221.00,532.11
10/03/2024,Vehículo y transporte,Gasolina y combustible,Pago en CEDIPSA 12824-1 ARIZA ES,,-43.30,311.11
09/03/2024,Educación y salud,Deporte y gimnasio,Pago en CAMPERBOYS GMBH FURSTENFELDBRDE,,"-1,685.76",354.41
08/03/2024,Ocio y viajes,Hotel y alojamiento,Pago en SANYUSTEL PANTICOSA ES,,-221.00,"2,040.17"
08/03/2024,Ocio y viajes,"Cine, teatro y espectáculos",Pago en PETROSOS ALQUILER ESQUI PANTICOSA ES,,-52.00,"2,261.17"
08/03/2024,Ventajas ING,Otras Ventajas ING,Abono por campaña Abono Shopping NARANJA:SHELL,,2.20,"2,313.17"
07/03/2024,Movimientos excluidos,Traspaso entre cuentas,Traspaso interno emitido Forfait,,-438.00,"2,310.97"
07/03/2024,Movimientos excluidos,Traspaso entre cuentas,Traspaso recibido Cuenta Nómina Forfait,,438.00,"2,748.97"
07/03/2024,Vehículo y transporte,Gasolina y combustible,Pago en LAS TABLAS MADRID ES,,-73.46,"2,310.97"
07/03/2024,Alimentación,Supermercados y alimentación,Pago en MERCADONA C MA MADRID ES,,-70.87,"2,384.43"
07/03/2024,Movimientos excluidos,Traspaso entre cuentas,Traspaso recibido Cuenta Nómina Caravana Verano,,"1,756.00","2,455.30"
07/03/2024,Otros ingresos,Ingresos de otras entidades,Transferencia recibida de SANITAS SOCIEDAD ANONIMA DE SEGUROS 0002681584 / 04562438 / 1202401139248011,,3.12,699.30
07/03/2024,Otros ingresos,Ingresos de otras entidades,Transferencia recibida de SANITAS SOCIEDAD ANONIMA DE SEGUROS 0002681942 / 04562436 / 1202401139242011,,3.27,696.18
05/03/2024,Alimentación,Supermercados y alimentación,Pago en MERCADONA C MA MADRID ES,,-22.86,692.91
05/03/2024,Educación y salud,Deporte y gimnasio,Pago en DECATHLON ALCOBENDAS ALCOBENDAS ES,,-21.68,715.77
05/03/2024,Otros gastos,Otros gastos (otros),"Recibo C.P. NICETO ALCALA ZAMORA 24-42 CL Niceto Alcala Zamora, 24",,-230.43,737.45
05/03/2024,Hogar,Luz y gas,"Recibo IBERDROLA CLIENTES, S.A.U",,-60.66,967.88
04/03/2024,Movimientos excluidos,Traspaso entre cuentas,Traspaso recibido Cuenta Nómina Para forfait panticosa,,400.00,"1,028.54"
03/03/2024,Educación y salud,Educación,Pago en ESCUELA DE ESQUI PANTICOSPANTICOSA ES,,-205.00,628.54
03/03/2024,Alimentación,Supermercados y alimentación,Pago en PALMER MADRID ES,,-5.20,833.54
02/03/2024,Alimentación,Supermercados y alimentación,Pago en AHORRAMAS MADRID ES,,-18.49,838.74
02/03/2024,Hogar,Mantenimiento del hogar,Pago en FERREMARKT MADRID ES,,-3.99,857.23
02/03/2024,Otros gastos,Transferencias,Traspaso interno emitido Casita del inglés ,,-97.00,861.22
01/03/2024,Alimentación,Supermercados y alimentación,Pago en MERCADONA C MA MADRID ES,,-165.12,958.22
01/03/2024,Educación y salud,Educación,"Recibo SERVICIOS EDUCATIVOS EL VALLE DE SANCHINARRO, SLL",,-313.00,"1,123.34"
01/03/2024,Hogar,"Teléfono, TV e internet","Recibo TELEFONICA DE ESPANA, S. A. U.",,-11.99,"1,436.34"
01/03/2024,Educación y salud,Educación,Recibo SERVICIOS EDUCATIVOS EL VALLE DE SAN CHI,,-313.00,"1,448.33"
01/03/2024,Otros ingresos,Ingresos de otras entidades,Transferencia recibida de CARLOS ANTONIO PEREZ HAURIE GASTOS,,"1,416.00","1,761.33"
01/03/2024,Otros gastos,Transferencias,Transferencia emitida periódica,,-75.00,345.33
29/02/2024,Otros gastos,Cajeros,Reintegro efectivo tarjeta UNICAJA SANCHINARRO ES,,-70.00,420.33
29/02/2024,Otros gastos,Transferencias,Transferencia emitida a EDY ISABEL MONTOYA MORALES Nomina Febrero,,-163.00,490.33
29/02/2024,Otros gastos,Pago de impuestos,Cargo cuota SS,,-76.88,653.33
27/02/2024,Alimentación,Supermercados y alimentación,Pago en MERCADONA MONTEBURGOS MADRID ES,,-38.86,730.21
25/02/2024,Compras,Compras (otros),Devolución Tarjeta EL CORTE INGLES SANCHINARMADRID ES,,11.99,769.07
25/02/2024,Alimentación,Supermercados y alimentación,Pago en MIALCAMPO PRINCIPE CARLOSMADRID ES,,-26.09,757.08
24/02/2024,Alimentación,Supermercados y alimentación,Pago en MERCADONA CC.PLENILUNIO MADRID ES,,-34.90,783.17
24/02/2024,Ocio y viajes,Cafeterías y restaurantes,Pago en PASTELERIA PALMER MADRID ES,,-4.60,818.07
24/02/2024,Educación y salud,"Farmacia, herbolario y nutrición",Pago en FARMACIA PRINCIPE CARLOS MADRID ES,,-12.78,822.67
23/02/2024,Alimentación,Supermercados y alimentación,Pago en DIA SAN CHINARRO MADRID ES,,-16.64,835.45
22/02/2024,Alimentación,Supermercados y alimentación,Pago en DIA SAN CHINARRO MADRID ES,,-8.58,852.09
22/02/2024,Alimentación,Supermercados y alimentación,Pago en MIALCAMPO PRINCIPE CARLOSMADRID ES,,-13.23,860.67
21/02/2024,Otros ingresos,Ingresos de otras entidades,Transferencia recibida de MARIA DEL CARMEN LOPEZ GUIJARRO,,900.00,873.90
21/02/2024,Alimentación,Supermercados y alimentación,Pago en MERCADONA MONTEBURGOS MADRID ES,,-72.97,-26.10
18/02/2024,Educación y salud,Deporte y gimnasio,Pago en DECATHLON ALCOBENDAS ALCOBENDAS ES,,-27.48,46.87
18/02/2024,Ocio y viajes,"Libros, música y videojuegos",Pago en MARIA LUISA HERRERIN MADRID ES,,-2.40,74.35
18/02/2024,Alimentación,Supermercados y alimentación,Pago en FRUTERIA SHOPI FRESH MADRID ES,,-4.99,76.75
17/02/2024,Alimentación,Supermercados y alimentación,Pago en MERCADONA MONTECARMELO MADRID ES,,-21.54,81.74
16/02/2024,Educación y salud,"Farmacia, herbolario y nutrición",Pago en YANTAR ECOTIENDA MADRID-LAS TAES,,-13.38,103.28
16/02/2024,Alimentación,Supermercados y alimentación,Pago en MERCADONA C MA MADRID ES,,-109.14,116.66
13/02/2024,Otros ingresos,Ingresos de otras entidades,Transferencia recibida de MARIA DEL CARMEN LOPEZ GUIJARRO,,200.00,225.80
13/02/2024,Movimientos excluidos,Traspaso entre cuentas,Traspaso recibido Cuenta Nómina Descubierto,,250.00,25.80
13/02/2024,Otros gastos,Otros gastos (otros),"Recibo C.P. NICETO ALCALA ZAMORA 24-42 CL Niceto Alcala Zamora, 24",,-227.88,-224.20
12/02/2024,Movimientos excluidos,Traspaso entre cuentas,Traspaso recibido Cuenta Nómina Descubierto ,,200.00,3.68
12/02/2024,Hogar,Luz y gas,Recibo BASER COMER. REFER. SA,,-107.20,-196.32
11/02/2024,Compras,Compras (otros),Pago en WWW.AMAZON* 404 118540,,-5.65,-89.12
10/02/2024,Otros gastos,Comisiones e intereses,Comisión cajero CAJA DE AH.Y PENSIONES DEMADRID ES,,-2.95,-83.47
10/02/2024,Otros gastos,Cajeros,Reintegro efectivo tarjeta CAJA DE AH.Y PENSIONES DEMADRID ES,,-50.00,-80.52
10/02/2024,Compras,Compras (otros),Pago en EL CORTE INGLES SANCHINARMADRID ES,,-11.99,-30.52
10/02/2024,Alimentación,Supermercados y alimentación,Pago en SANCHINARRO H. MADRID ES,,-25.13,-18.53
10/02/2024,Alimentación,Supermercados y alimentación,Devolución Tarjeta SANCHINARRO H. MADRID ES,,12.95,6.60
10/02/2024,Alimentación,Supermercados y alimentación,Pago en MERCADONA C MA MADRID ES,,-109.01,-6.35
09/02/2024,Alimentación,Supermercados y alimentación,Pago en MERCADONA C MA MADRID ES,,-90.46,102.66
07/02/2024,Alimentación,Supermercados y alimentación,Pago en SANCHINARRO H. MADRID ES,,-24.05,193.12
07/02/2024,Compras,Compras (otros),Pago en EL CORTE INGLES SANCHINARMADRID ES,,-11.95,217.17
07/02/2024,Otros gastos,Transferencias,Transferencia emitida a EDY Adelanto nómina Febrero 24,,-100.00,229.12
06/02/2024,Otros gastos,Otros gastos (otros),"Recibo DESARROLLOS ECOLOGICOS EL VALLE, SL",,-129.00,329.12
05/02/2024,Alimentación,Supermercados y alimentación,Pago en MERCADONA MONTEBURGOS MADRID ES,,-13.80,458.12
04/02/2024,Alimentación,Supermercados y alimentación,Pago en ALIMENTACION MADRID ES,,-2.10,471.92
03/02/2024,Alimentación,Supermercados y alimentación,Pago en ALDI SAN SEBASTIAN REYES SAN SEBASTIANES,,-25.17,474.02
03/02/2024,Alimentación,Supermercados y alimentación,Pago en MIALCAMPO PRINCIPE CARLOSMADRID ES,,-21.69,499.19
03/02/2024,Alimentación,Supermercados y alimentación,Pago en DIA SAN CHINARRO MADRID ES,,-33.04,520.88
02/02/2024,Alimentación,Supermercados y alimentación,Pago en MERCADONA C MA MADRID ES,,-102.34,553.92
02/02/2024,Movimientos excluidos,Traspaso entre cuentas,Traspaso emitido Cuenta Nómina Devolver ahorros,,"-1,416.00",656.26
02/02/2024,Educación y salud,Educación,Pago en COLEGIO EL VALLE SANCHINAMADRID ES,,-25.00,"2,072.26"
02/02/2024,Hogar,Agua,"Recibo CANAL DE ISABEL II GESTION, S.",,-56.10,"2,097.26"
02/02/2024,Otros ingresos,Ingresos de otras entidades,Transferencia recibida de CARLOS ANTONIO PEREZ HAURIE GASTOS,,"1,416.00","2,153.36"
01/02/2024,Otros gastos,Transferencias,Traspaso interno emitido Casita del ingles,,-97.00,737.36
01/02/2024,Educación y salud,Educación,"Recibo SERVICIOS EDUCATIVOS EL VALLE DE SANCHINARRO, SLL",,-313.00,834.36
01/02/2024,Otros ingresos,Otros ingresos (otros),Traspaso recibido Cuenta Nómina Movimiento ING,,"1,416.00","1,147.36"
01/02/2024,Educación y salud,Educación,Recibo SERVICIOS EDUCATIVOS EL VALLE DE SAN CHI,,-313.00,-268.64
01/02/2024,Hogar,"Teléfono, TV e internet","Recibo TELEFONICA DE ESPANA, S. A. U.",,-11.09,44.36
01/02/2024,Otros gastos,Transferencias,Transferencia emitida periódica,,-75.00,55.45
31/01/2024,Otros gastos,Transferencias,Traspaso emitido Cuenta Nómina Sobra revisión Mazda 6,,-115.00,130.45
31/01/2024,Compras,Compras (otros),Pago en AUTOMEC SA MADRID ES,,-585.83,245.45
31/01/2024,Otros ingresos,Otros ingresos (otros),Traspaso recibido Cuenta Nómina Revisión Mazda 6,,700.00,831.28
31/01/2024,Otros gastos,Pago de impuestos,Cargo cuota SS,,-76.61,131.28
31/01/2024,Hogar,Luz y gas,"Recibo IBERDROLA CLIENTES, S.A.U",,-60.56,207.89
30/01/2024,Alimentación,Supermercados y alimentación,Pago en PALMER MADRID ES,,-3.80,268.45
29/01/2024,Otros gastos,Transferencias,Transferencia emitida a MCARMEN LOPEZ GUIJARRO 40,,-40.00,272.25
29/01/2024,Otros gastos,Transferencias,Transferencia emitida periódica,,-263.00,312.25
28/01/2024,Alimentación,Supermercados y alimentación,Pago en ALDI - CERCEDA - TDA 43 PINTO ES,,-22.19,575.25
28/01/2024,Compras,Compras (otros),Pago en AMZN MKTP ES*Z53Y71K15,,-9.95,597.44
27/01/2024,Alimentación,Supermercados y alimentación,Pago en SANCHINARRO H. MADRID ES,,-31.54,607.39
27/01/2024,Alimentación,Supermercados y alimentación,Pago en MERCADONA MONTEBURGOS MADRID ES,,-142.37,638.93
27/01/2024,Alimentación,Supermercados y alimentación,Pago en LEVADURA MADRE S.L. MADRID ES,,-6.37,781.30
23/01/2024,Alimentación,Supermercados y alimentación,Pago en MERCADONA C MA MADRID ES,,-81.28,787.67
21/01/2024,Otros ingresos,Ingresos de otras entidades,Transferencia recibida de MARIA DEL CARMEN LOPEZ GUIJARRO,,900.00,868.95
21/01/2024,Compras,Compras (otros),Pago en WWW.AMAZON* 404 821436,,-11.35,-31.05
20/01/2024,Alimentación,Supermercados y alimentación,Pago en MERCADONA C MA MADRID ES,,-14.16,-19.70
18/01/2024,Alimentación,Supermercados y alimentación,Pago en SANCHINARRO H. MADRID ES,,-7.10,-5.54
17/01/2024,Compras,Compras (otros),Pago en WWW.AMAZON* 404 451221,,-5.65,1.56
17/01/2024,Otros ingresos,Ingresos de otras entidades,Transferencia recibida de SANITAS SOCIEDAD ANONIMA DE SEGUROS 0002572874 / 04465194 / 1202401024627011,,13.97,7.21
15/01/2024,Alimentación,Supermercados y alimentación,Pago en MERCADONA C MA MADRID ES,,-24.53,-6.76
14/01/2024,Alimentación,Supermercados y alimentación,Pago en LEVADURA MADRE S.L. MADRID ES,,-1.92,17.77
14/01/2024,Compras,Compras (otros),Pago en AMZN MKTP ES*DT5FC35Z5,,-27.99,19.69
14/01/2024,Compras,Compras (otros),Pago en Amazon.es*SA29T0IA5,,-22.90,47.68
13/01/2024,Alimentación,Supermercados y alimentación,Pago en DIA SAN CHINARRO MADRID ES,,-24.26,70.58
13/01/2024,Compras,Compras (otros),Pago en EL CORTE INGLES SANCHINARMADRID ES,,-9.99,94.84
13/01/2024,Alimentación,Supermercados y alimentación,Pago en MIALCAMPO PRINCIPE CARLOSMADRID ES,,-1.09,104.83
12/01/2024,Vehículo y transporte,Seguro de coche y moto,Recibo MUTUA MADRILENA AUTOMOVILISTA,,-962.38,105.92
11/01/2024,Movimientos excluidos,Traspaso entre cuentas,Traspaso recibido Cuenta Nómina Movimiento ING,,"1,000.00","1,068.30"
11/01/2024,Educación y salud,"Farmacia, herbolario y nutrición",Pago en FARMACIA PRINCIPE CARLOS MADRID ES,,-40.07,68.30
11/01/2024,Alimentación,Supermercados y alimentación,Pago en MERCADONA ONLINE WEB ES,,-223.77,108.37
09/01/2024,Otros ingresos,Ingresos de otras entidades,Transferencia recibida de SANITAS SOCIEDAD ANONIMA DE SEGUROS 0002555845 / 04449859 / 1202401005161011,,32.40,332.14
09/01/2024,Otros ingresos,Ingresos de otras entidades,Transferencia recibida de SANITAS SOCIEDAD ANONIMA DE SEGUROS 0002555844 / 04449070 / 1202301762981011,,200.00,299.74
08/01/2024,Alimentación,Supermercados y alimentación,Pago en MERCADONA MONTEBURGOS MADRID ES,,-26.70,99.74
08/01/2024,Movimientos excluidos,Traspaso entre cuentas,Traspaso interno recibido Chupa NB,,47.00,126.44
08/01/2024,Compras,Compras (otros),Pago en EL CORTE INGLES SANCHINARMADRID ES,,-4.80,79.44
08/01/2024,Otros ingresos,Ingresos de otras entidades,Transferencia recibida de MARIA DEL CARMEN LOPEZ GUIJARRO,,200.00,84.24
08/01/2024,Movimientos excluidos,Traspaso entre cuentas,Traspaso recibido Cuenta Nómina Movimiento ING,,200.00,-115.76
08/01/2024,Hogar,Hogar (otros),Pago en Vorwerk International,,-36.00,-315.76
08/01/2024,Educación y salud,Educación,"Recibo SERVICIOS EDUCATIVOS EL VALLE DE SANCHINARRO, SLL",,-169.50,-279.76
08/01/2024,Educación y salud,Educación,"Recibo SERVICIOS EDUCATIVOS EL VALLE DE SANCHINARRO, SLL",,-126.00,-110.26
07/01/2024,Compras,Compras (otros),Pago en EL CORTE INGLES SANCHINARMADRID ES,,-46.80,15.74
07/01/2024,Movimientos excluidos,Traspaso entre cuentas,Traspaso interno emitido Los he metido por error,,-200.00,62.54
07/01/2024,Movimientos excluidos,Traspaso entre cuentas,Traspaso recibido Cuenta Nómina Movimiento ING,,200.00,262.54
06/01/2024,Compras,Regalos y juguetes,Pago en FENG ZHANG MADRID ES,,-6.70,62.54
05/01/2024,Ocio y viajes,"Libros, música y videojuegos",Pago en DIDECO ALCOBENDAS ALCOBENDAS ES,,-19.81,69.24
05/01/2024,Alimentación,Supermercados y alimentación,Pago en MIALCAMPO PRINCIPE CARLOSMADRID ES,,-7.35,89.05
05/01/2024,Alimentación,Supermercados y alimentación,Pago en SANCHINARRO H. MADRID ES,,-23.45,96.40
04/01/2024,Alimentación,Supermercados y alimentación,Pago en MERCADONA VALDEBEBAS MADRID ES,,-27.97,119.85
04/01/2024,Ocio y viajes,"Cine, teatro y espectáculos",Pago en LA VIDA ES UN CIRCO SL ALCOBENDAS ES,,-11.00,147.82
04/01/2024,Compras,Regalos y juguetes,Pago en HIPER 100 MADRID ES,,-8.45,158.82
04/01/2024,Alimentación,Supermercados y alimentación,Pago en ALMACAR CALERUEGA MADRID ES,,-15.58,167.27
04/01/2024,Otros ingresos,Ingresos de otras entidades,Transferencia recibida de MARIA DEL CARMEN LOPEZ GUIJARRO Extra enero,,100.00,182.85
04/01/2024,Movimientos excluidos,Traspaso entre cuentas,Traspaso recibido Cuenta Nómina Movimiento ING,,100.00,82.85
04/01/2024,Hogar,Luz y gas,"Recibo IBERDROLA CLIENTES, S.A.U",,-52.91,-17.15
03/01/2024,Alimentación,Supermercados y alimentación,Pago en MIALCAMPO PRINCIPE CARLOSMADRID ES,,-1.09,35.76
02/01/2024,Alimentación,Supermercados y alimentación,Pago en PLUS SUPERMERCADOS S.A. MADRID ES,,-21.19,36.85
02/01/2024,Alimentación,Supermercados y alimentación,Pago en FRUTERIA SHOPI FRESH MADRID ES,,-9.79,58.04
02/01/2024,Compras,Ropa y complementos,Pago en MUNICH SHOP ST SEB REYES SAN SEBASTIANES,,-89.00,67.83
02/01/2024,Hogar,"Teléfono, TV e internet","Recibo TELEFONICA DE ESPANA, S. A. U.",,-10.24,156.83
02/01/2024,Educación y salud,Educación,"Recibo SERVICIOS EDUCATIVOS EL VALLE DE SANCHINARRO, SLL",,-337.34,167.07
02/01/2024,Educación y salud,Educación,Recibo SERVICIOS EDUCATIVOS EL VALLE DE SAN CHI,,-335.70,504.41
02/01/2024,Otros gastos,Otros gastos (otros),"Recibo C.P. NICETO ALCALA ZAMORA 24-42 CL Niceto Alcala Zamora, 24",,-227.88,840.11
02/01/2024,Otros gastos,Transferencias,Transferencia emitida periódica,,-75.00,"1,067.99"
02/01/2024,Otros gastos,Transferencias,Transferencia emitida a MCARMEN LOPEZ GUIJARRO Compra,,-42.00,"1,142.99"
02/01/2024,Otros gastos,Transferencias,Transferencia emitida a CARLOS ANTONIO PEREZ HAURIE Vacuna Manu,,-264.00,"1,184.99"
01/01/2024,Alimentación,Supermercados y alimentación,Pago en OBRADOR DE GOYA SANCHINARMADRID ES,,-1.60,"1,448.99"
01/01/2024,Educación y salud,Educación,Pago en LA CASITA DE INGLES SANCHMADRID ES,,-97.00,"1,450.59"