Movimientos de la Cuenta,,  Número de cuenta:,1465 0100 9517 08971395,,,
,,  Titular:,CARLOS ANTONIO PEREZ HAURIE,,,
,,  Fecha exportación:,27/12/2025 19:45h,,,
F. VALOR,CATEGORÍA,SUBCATEGORÍA,DESCRIPCIÓN,COMENTARIO,IMPORTE (€),SALDO (€)
26/12/2025,Alimentación,Supermercados y alimentación,Pago en DIA RETAIL ESPA¥A MADRID MADRID ES,,-11.70,385.98
26/12/2025,Ocio y viajes,Cafeterías y restaurantes,Pago en TABERNA CARDEO MADRID ES,,-36.00,397.68
26/12/2025,Compras,Regalos y juguetes,Pago en DREAMJOCS JOGUINES SL GRANOLLERS ES,,-46.90,433.68
26/12/2025,Compras,Ropa y complementos,Pago en DECATHLON ESPANA S.A.U,,-60.97,480.58
25/12/2025,Compras,Compras (otros),Pago en Amazon.es*ZD0VZ5974 LUXEMBOURG LU,,-46.99,541.55
24/12/2025,Compras,Compras (otros),Pago en EL CORTE INGLES SANCHINARMADRID ES,,-35.98,588.54
24/12/2025,Alimentación,Supermercados y alimentación,Pago en GRUPO AHORRAMAS 1373 MADRID ES,,-5.60,624.52
24/12/2025,Educación y salud,"Farmacia, herbolario y nutrición",Pago en FARMACIA PRINCIPE CARLOS MADRID ES,,-8.71,630.12
23/12/2025,Alimentación,Supermercados y alimentación,Pago en DIA 16130 MADRID ES,,-0.49,638.83
23/12/2025,Alimentación,Supermercados y alimentación,Pago en MIALCAMPO PRINCIPE CARLOSMADRID ES,,-8.40,639.32
23/12/2025,Compras,Compras (otros),Pago en EL CORTE INGLES SANCHINARMADRID ES,,-6.85,647.72
23/12/2025,Ventajas ING,Otras Ventajas ING,Abono por campaña Abono Shopping NARANJA:GALP,,1.23,654.57
23/12/2025,Alimentación,Supermercados y alimentación,Pago en ALDI MADRID QUINTANAVIDESMADRID ES,,-23.40,653.34
23/12/2025,Alimentación,Supermercados y alimentación,Pago en DIA 16130 MADRID ES,,-20.00,676.74
22/12/2025,Vehículo y transporte,Gasolina y combustible,Pago en SANCHINARRO MADRID ES,,-41.00,696.74
21/12/2025,Alimentación,Supermercados y alimentación,Pago en MIALCAMPO PRINCIPE CARLOSMADRID ES,,-3.48,737.74
21/12/2025,Alimentación,Supermercados y alimentación,Pago en ALDI MADRID QUINTANAVIDESMADRID ES,,-48.31,741.22
20/12/2025,Vehículo y transporte,Parking y garaje,Pago en PARKING GARENA PLAZA ALCALA DE HENES,,-8.00,789.53
20/12/2025,Otros ingresos,Ingresos de otras entidades,Transferencia recibida de MARIA DEL CARMEN LOPEZ GUIJARRO,,900.00,797.53
19/12/2025,Alimentación,Supermercados y alimentación,Pago en MERCADONA C MA MADRID ES,,-176.55,-102.47
18/12/2025,Hogar,Mantenimiento del hogar,Pago en MUY MUCHO TOLEDO TOLEDO ES,,-25.25,74.08
18/12/2025,Hogar,Mantenimiento del hogar,Pago en MUY MUCHO TOLEDO TOLEDO ES,,-8.32,99.33
17/12/2025,Alimentación,Supermercados y alimentación,Pago en FENG ZHANG MADRID ES,,-5.20,107.65
17/12/2025,Ocio y viajes,"Libros, música y videojuegos",Pago en JORDIRUBIO.COM ALELLA ES,,-31.85,112.85
16/12/2025,Compras,Compras (otros),Pago en WWW.AMAZON.* ZE58R3P54,,-59.99,144.70
16/12/2025,Ocio y viajes,"Libros, música y videojuegos",Pago en Nintendo EM27fa7cdac62,,-59.99,204.69
15/12/2025,Alimentación,Supermercados y alimentación,Pago en DIA 16130 MADRID ES,,-20.10,264.68
14/12/2025,Movimientos excluidos,Traspaso entre cuentas,Traspaso recibido de CARLOS ANTONIO Movimiento ING,,200.00,284.78
14/12/2025,Hogar,Mantenimiento del hogar,Pago en FLORISTERIA MADRID ES,,-10.00,84.78
14/12/2025,Alimentación,Supermercados y alimentación,Pago en MIALCAMPO PRINCIPE CARLOSMADRID ES,,-6.20,94.78
14/12/2025,Compras,Ropa y complementos,Pago en Nike ES,,-24.99,100.98
13/12/2025,Alimentación,Supermercados y alimentación,Pago en MERCADONA MONTEBURGOS MADRID ES,,-126.26,125.97
13/12/2025,Compras,Electrónica,Pago en MEDIA MARKT ONLINE AEROPORT DEL ES,,-37.89,252.23
13/12/2025,Movimientos excluidos,Traspaso entre cuentas,Traspaso recibido de CARLOS ANTONIO Movimiento ING,,200.00,290.12
11/12/2025,Compras,Compras (otros),Pago en EL CORTE INGLES SANCHINARMADRID ES,,-30.98,90.12
11/12/2025,Hogar,Luz y gas,Recibo BASER COMER. REFER. SA,,-60.78,121.10
11/12/2025,Otros gastos,Transferencias,Transferencia emitida a PSICOLOGIA Y LOGOPEDIA BLA BLA SL Diciembre Alejandro Pérez López,,-140.00,181.88
10/12/2025,Otros ingresos,Ingresos de otras entidades,Transferencia recibida de MARIA DEL CARMEN LOPEZ GUIJARRO,,200.00,321.88
10/12/2025,Alimentación,Supermercados y alimentación,Pago en ALDI MADRID QUINTANAVIDESMADRID ES,,-19.19,121.88
09/12/2025,Compras,Regalos y juguetes,Pago en BAZAR LONG MADRID ES,,-4.50,141.07
09/12/2025,Educación y salud,"Dentista, médico",Pago en CLINICA BLASCO IBA¥EZ MADRID ES,,-200.00,145.57
09/12/2025,Compras,Regalos y juguetes,Pago en TIENDAS JUGUETTOS S.A. GIJON ES,,-99.99,345.57
09/12/2025,Otros ingresos,Ingresos de otras entidades,Transferencia recibida de MARIA DEL CARMEN LOPEZ GUIJARRO,,300.00,445.56
09/12/2025,Alimentación,Supermercados y alimentación,Pago en MERCADONA MONTEBURGOS MADRID ES,,-134.31,145.56
09/12/2025,Compras,Compras (otros),Pago en AMAZON* Z11AM5QE4,,-18.12,279.87
08/12/2025,Alimentación,Supermercados y alimentación,Pago en PANADERIA MERCE MARTIN AYLLON ES,,-14.45,297.99
07/12/2025,Vehículo y transporte,Gasolina y combustible,Pago en FELIX BUQUERIN S.L. AYLLON ES,,-50.00,312.44
07/12/2025,Movimientos excluidos,Traspaso entre cuentas,Traspaso recibido de CARLOS ANTONIO Movimiento ING,,300.00,362.44
07/12/2025,Alimentación,Supermercados y alimentación,Pago en EROSKI AYLLON ES,,-33.40,62.44
06/12/2025,Compras,Regalos y juguetes,Pago en EL HADA LEANAN AYLLON ES,,-72.00,95.84
06/12/2025,Alimentación,Supermercados y alimentación,Pago en EROSKI AYLLON ES,,-53.59,167.84
06/12/2025,Otros gastos,Transferencias,Transferencia emitida a CARLOS ANTONIO PEREZ HAURIE Nomina Laura noviembre,,-396.00,221.43
05/12/2025,Alimentación,Supermercados y alimentación,Pago en MERCADONA C MA MADRID ES,,-79.92,617.43
05/12/2025,Vehículo y transporte,Gasolina y combustible,Pago en CTRA FUENCARRAL ALCOBENDAS ES,,-50.00,697.35
05/12/2025,Compras,Ropa y complementos,Pago en ZARA MADRID CC MORALEJA ALCOBENDAS ES,,-17.95,747.35
04/12/2025,Alimentación,Supermercados y alimentación,Pago en SANCHINARRO H. MADRID ES,,-6.49,765.30
04/12/2025,Hogar,Luz y gas,"Recibo IBERDROLA CLIENTES, S.A.U",,-67.48,771.79
03/12/2025,Alimentación,Supermercados y alimentación,Pago en MERCADONA MONTEBURGOS MADRID ES,,-46.73,839.27
03/12/2025,Compras,"Belleza, peluquería y perfumería",Pago en MI PELU MADRID ES,,-31.90,886.00
02/12/2025,Alimentación,Supermercados y alimentación,Pago en DIA 16130 MADRID ES,,-20.87,917.90
01/12/2025,Educación y salud,Deporte y gimnasio,Pago en C.D.E.V. Sanchinarro MARIA TUBAU ES,,-45.00,938.77
01/12/2025,Educación y salud,Deporte y gimnasio,Pago en C.D.E.V. Sanchinarro MARIA TUBAU ES,,-45.00,983.77
01/12/2025,Compras,Compras (otros),Pago en WWW.AMAZON.* ZR9SY78T4,,-25.57,"1,028.77"
01/12/2025,Educación y salud,Educación,Recibo SERVICIOS EDUCATIVOS EL VALLE DE SAN CHI,,-354.76,"1,054.34"
01/12/2025,Hogar,"Teléfono, TV e internet","Recibo TELEFONICA MOVILES ESPANA, S.A.",,-8.00,"1,409.10"
01/12/2025,Educación y salud,Educación,"Recibo SERVICIOS EDUCATIVOS EL VALLE DE SANCHINARRO, SLL",,-346.66,"1,417.10"
01/12/2025,Hogar,"Teléfono, TV e internet","Recibo TELEFONICA DE ESPANA, S. A. U.",,-2.00,"1,763.76"
01/12/2025,Otros gastos,Otros gastos (otros),"Recibo C.P. NICETO ALCALA ZAMORA 24-42 CL Niceto Alcala Zamora, 24",,-203.46,"1,765.76"
01/12/2025,Otros gastos,Transferencias,Transferencia emitida periódica,,-75.00,"1,969.22"
30/11/2025,Ocio y viajes,Cafeterías y restaurantes,Pago en RESTAURANTE BENDITA TIERRBRUNETE ES,,-75.00,"2,044.22"
29/11/2025,Alimentación,Supermercados y alimentación,Pago en DIA RETAIL ESPA¥A MADRID MADRID ES,,-5.14,"2,119.22"
28/11/2025,Alimentación,Supermercados y alimentación,Pago en MERCADONA MONTEBURGOS MADRID ES,,-61.52,"2,124.36"
28/11/2025,Hogar,Agua,"Recibo CANAL DE ISABEL II GESTION, S.",,-47.92,"2,185.88"
28/11/2025,Otros ingresos,Ingresos de otras entidades,Transferencia recibida de CARLOS ANTONIO PEREZ HAURIE,,"1,616.00","2,233.80"
27/11/2025,Educación y salud,Educación,Pago en COLEGIO EL VALLE SANCHINAMADRID ES,,-6.00,617.80
27/11/2025,Alimentación,Supermercados y alimentación,Pago en ALDI MADRID QUINTANAVIDESMADRID ES,,-80.00,623.80
27/11/2025,Compras,Compras (otros),Pago en AMAZON* ZL8FR8544,,-6.35,703.80
25/11/2025,Alimentación,Supermercados y alimentación,Pago en MIALCAMPO PRINCIPE CARLOSMADRID ES,,-9.68,710.15
25/11/2025,Alimentación,Supermercados y alimentación,Pago en MERCADONA MONTEBURGOS MADRID ES,,-45.07,719.83
25/11/2025,Ocio y viajes,Cafeterías y restaurantes,Pago en SumUp *GEMA ESCOBAR D,,-80.00,764.90
24/11/2025,Compras,Compras (otros),Pago en WWW.AMAZON.* Z344T3UW4,,-19.49,844.90
23/11/2025,Alimentación,Supermercados y alimentación,Pago en LIDL SAN LORENZO SAN LORENZO DES,,-24.16,864.39
22/11/2025,Compras,Compras (otros),Pago en LIB. CASTILLA PRENSA MARIA TUBAU ES,,-14.50,888.55
22/11/2025,Alimentación,Supermercados y alimentación,Pago en MAREA BREAD MADRID ES,,-13.10,903.05
21/11/2025,Otros ingresos,Ingresos de otras entidades,Transferencia recibida de MARIA DEL CARMEN LOPEZ GUIJARRO,,900.00,916.15
21/11/2025,Alimentación,Supermercados y alimentación,Pago en MERCADONA C MA MADRID ES,,-91.95,16.15
18/11/2025,Alimentación,Supermercados y alimentación,Pago en MERCADONA C MA MADRID ES,,-90.84,108.10
18/11/2025,Compras,Regalos y juguetes,Pago en BAZAR LONG MADRID ES,,-3.70,198.94
17/11/2025,Alimentación,Supermercados y alimentación,Pago en MARKET EL ENCINAR MADRID ES,,-6.28,202.64
16/11/2025,Alimentación,Supermercados y alimentación,Pago en SANCHINARRO H. MADRID ES,,-10.69,208.92
15/11/2025,Ocio y viajes,Cafeterías y restaurantes,Pago en MATERIA PRIMA MADRID ES,,-3.19,219.61
15/11/2025,Otros ingresos,Ingresos de otras entidades,Transferencia recibida de MARIA DEL CARMEN LOPEZ GUIJARRO,,250.00,222.80
15/11/2025,Alimentación,Supermercados y alimentación,Pago en MIALCAMPO PRINCIPE CARLOSMADRID ES,,-34.79,-27.20
15/11/2025,Movimientos excluidos,Traspaso entre cuentas,Traspaso interno recibido Movimiento ING,,100.00,7.59
14/11/2025,Alimentación,Supermercados y alimentación,Pago en MERCADONA C MA MADRID ES,,-160.70,-92.41
13/11/2025,Alimentación,Supermercados y alimentación,Pago en MIALCAMPO PRINCIPE CARLOSMADRID ES,,-29.49,68.29
12/11/2025,Ocio y viajes,Cafeterías y restaurantes,Pago en LOPE TPV 3 BARRA VIEJA,,-16.00,97.78
11/11/2025,Movimientos excluidos,Traspaso entre cuentas,Traspaso recibido de CARLOS ANTONIO Movimiento ING,,150.00,113.78
11/11/2025,Alimentación,Supermercados y alimentación,Pago en DIA 16130 MADRID ES,,-9.09,-36.22
11/11/2025,Educación y salud,"Dentista, médico",Pago en CLINICA BLASCO IBA¥EZ MADRID ES,,-200.00,-27.13
11/11/2025,Movimientos excluidos,Traspaso entre cuentas,Traspaso interno recibido Devolución donacion APBP,,20.00,172.87
11/11/2025,Hogar,Decoración y mobiliario,Pago en ASOC DE PINTORES CON LA BMADRID ES,,-27.50,152.87
11/11/2025,Otros ingresos,Ingresos de otras entidades,Transferencia recibida de MARIA DEL CARMEN LOPEZ GUIJARRO,,200.00,180.37
10/11/2025,Alimentación,Supermercados y alimentación,Pago en DIA 16130 MADRID ES,,-47.88,-19.63
09/11/2025,Ocio y viajes,Ocio y viajes (otros),Pago en APARCAMIENTO PZA ESPA¥A MADRID ES,,-14.60,28.25
09/11/2025,Movimientos excluidos,Traspaso entre cuentas,Traspaso interno emitido Movimiento ING,,-150.00,42.85
09/11/2025,Ocio y viajes,Cafeterías y restaurantes,Pago en ASOMA-TE MADRID ES,,-31.50,192.85
08/11/2025,Alimentación,Supermercados y alimentación,Pago en DIA 16130 MADRID ES,,-9.93,224.35
08/11/2025,Compras,Ropa y complementos,Pago en LEFTIES SAN SEBASTIANES,,-16.47,234.28
08/11/2025,Compras,Ropa y complementos,Pago en ZARA MADRID PLAZA NORTE SAN SEBASTIANES,,-36.00,250.75
07/11/2025,Alimentación,Supermercados y alimentación,Pago en MERCADONA C MA MADRID ES,,-121.55,286.75
06/11/2025,Otros ingresos,Ingresos de otras entidades,Transferencia recibida de MARIA DEL CARMEN LOPEZ GUIJARRO Deportes,,350.00,408.30
05/11/2025,Alimentación,Supermercados y alimentación,Pago en ALDI MADRID QUINTANAVIDESMADRID ES,,-44.83,58.30
05/11/2025,Educación y salud,Deporte y gimnasio,Pago en C.D.E.V. Sanchinarro MARIA TUBAU ES,,-347.00,103.13
05/11/2025,Educación y salud,Deporte y gimnasio,Pago en C.D.E.V. Sanchinarro MARIA TUBAU ES,,-347.00,450.13
05/11/2025,Movimientos excluidos,Traspaso entre cuentas,Traspaso recibido de CARLOS ANTONIO Movimiento ING,,700.00,797.13
05/11/2025,Hogar,Luz y gas,"Recibo IBERDROLA CLIENTES, S.A.U",,-70.93,97.13
05/11/2025,Otros gastos,Transferencias,Transferencia emitida a PSICOLOGIA Y LOGOPEDIA BLA BLA SL Noviembre Alejandro Pérez López,,-140.00,168.06
04/11/2025,Otros ingresos,Ingresos de otras entidades,Transferencia recibida de MARIA DEL CARMEN LOPEZ GUIJARRO,,300.00,308.06
04/11/2025,Movimientos excluidos,Traspaso entre cuentas,Traspaso recibido de CARLOS ANTONIO Movimiento ING,,300.00,8.06
03/11/2025,Alimentación,Supermercados y alimentación,Pago en DIA 16130 MADRID ES,,-10.93,-291.94
03/11/2025,Hogar,Mantenimiento del hogar,Pago en LA TRASTIENDA BAZAR AYLLON ES,,-17.11,-281.01
03/11/2025,Hogar,"Teléfono, TV e internet","Recibo TELEFONICA MOVILES ESPANA, S.A.",,-8.00,-263.90
03/11/2025,Educación y salud,Educación,"Recibo SERVICIOS EDUCATIVOS EL VALLE DE SANCHINARRO, SLL",,-404.13,-255.90
03/11/2025,Hogar,"Teléfono, TV e internet","Recibo TELEFONICA DE ESPANA, S. A. U.",,-1.61,148.23
03/11/2025,Educación y salud,Educación,Recibo SERVICIOS EDUCATIVOS EL VALLE DE SAN CHI,,-398.40,149.84
03/11/2025,Otros gastos,Otros gastos (otros),"Recibo C.P. NICETO ALCALA ZAMORA 24-42 CL Niceto Alcala Zamora, 24",,-203.46,548.24
03/11/2025,Otros gastos,Transferencias,Transferencia emitida periódica,,-75.00,751.70
03/11/2025,Otros gastos,Transferencias,Transferencia emitida a CARLOS ANTONIO PEREZ HAURIE Nomina Laura,,-462.00,826.70
02/11/2025,Educación y salud,Deporte y gimnasio,Pago en C.D.E.V. SANCHINARRO MADRID ES,,-45.00,"1,288.70"
02/11/2025,Educación y salud,Deporte y gimnasio,Pago en C.D.E.V. SANCHINARRO MADRID ES,,-45.00,"1,333.70"
02/11/2025,Vehículo y transporte,Gasolina y combustible,Pago en FELIX BUQUERIN S.L. AYLLON ES,,-1.55,"1,378.70"
02/11/2025,Vehículo y transporte,Gasolina y combustible,Pago en FELIX BUQUERIN S.L. AYLLON ES,,-43.80,"1,380.25"
01/11/2025,Alimentación,Supermercados y alimentación,Pago en PANADERIA MERCE MARTIN AYLLON ES,,-9.45,"1,424.05"
01/11/2025,Otros gastos,Cajeros,Comisión cajero LA CAIXA 4355 AYLLON ES,,-2.95,"1,433.50"
01/11/2025,Otros gastos,Cajeros,Reintegro efectivo tarjeta LA CAIXA 4355 AYLLON ES,,-40.00,"1,436.45"
01/11/2025,Alimentación,Supermercados y alimentación,Pago en AUTOSERV MIGUEL ANGEL AYLLON ES,,-7.85,"1,476.45"
01/11/2025,Alimentación,Supermercados y alimentación,Pago en SUMA SUPERMERCADO AYLLON ES,,-12.12,"1,484.30"
31/10/2025,Alimentación,Supermercados y alimentación,Pago en MERCADONA MONTEBURGOS MADRID ES,,-168.46,"1,496.42"
31/10/2025,Otros ingresos,Ingresos de otras entidades,Transferencia recibida de CARLOS ANTONIO PEREZ HAURIE GASTOS,,"1,416.00","1,664.88"
30/10/2025,Alimentación,Supermercados y alimentación,Pago en MERCADONA C MA MADRID ES,,-31.00,248.88
29/10/2025,Alimentación,Supermercados y alimentación,Pago en LEVADURA MADRE(ING. E. HEMADRID ES,,-2.00,279.88
28/10/2025,Alimentación,Supermercados y alimentación,Pago en MIALCAMPO PRINCIPE CARLOSMADRID ES,,-37.48,281.88
27/10/2025,Alimentación,Supermercados y alimentación,Pago en SANCHINARRO H. MADRID ES,,-2.55,319.36
26/10/2025,Alimentación,Supermercados y alimentación,Pago en MIALCAMPO PRINCIPE CARLOSMADRID ES,,-11.41,321.91
26/10/2025,Alimentación,Supermercados y alimentación,Pago en DIA 16130 MADRID ES,,-31.77,333.32
26/10/2025,Ventajas ING,Otras Ventajas ING,Abono por campaña Abono Shopping NARANJA:GALP,,0.69,365.09
25/10/2025,Vehículo y transporte,Gasolina y combustible,Pago en SANCHINARRO MADRID ES,,-23.00,364.40
24/10/2025,Educación y salud,"Farmacia, herbolario y nutrición",Pago en FARMACIA PRINCIPE CARLOS MADRID ES,,-69.26,387.40
24/10/2025,Educación y salud,"Dentista, médico",Pago en CLINICA BLASCO IBA¥EZ MADRID ES,,-80.00,456.66
24/10/2025,Alimentación,Supermercados y alimentación,Pago en MERCADONA MONTEBURGOS MADRID ES,,-115.88,536.66
23/10/2025,Alimentación,Supermercados y alimentación,Pago en SANCHINARRO H. MADRID ES,,-14.37,652.54
23/10/2025,Compras,Compras (otros),Pago en AYTO MADRID PAGO INTERNETMADRID ES,,-195.73,666.91
22/10/2025,Alimentación,Supermercados y alimentación,Pago en MIALCAMPO PRINCIPE CARLOSMADRID ES,,-10.25,862.64
22/10/2025,Educación y salud,"Farmacia, herbolario y nutrición",Pago en FARMACIA PRINCIPE CARLOS MADRID ES,,-200.00,872.89
22/10/2025,Vehículo y transporte,Gasolina y combustible,Pago en E.S. EL SAPO ALCOBENDAS ES,,-30.00,"1,072.89"
22/10/2025,Compras,Compras (otros),Pago en MOGACAR PV FUENCARRAL FUENCARRAL ES,,-774.25,"1,102.89"
21/10/2025,Alimentación,Supermercados y alimentación,Pago en SHOPIFRESH BOADILLA DEL ES,,-9.79,"1,877.14"
21/10/2025,Otros gastos,Transferencias,Transferencia emitida a PSICOLOGIA Y LOGOPEDIA BLA BLA SL Octubre Alejandro Pérez López,,-95.00,"1,886.93"
21/10/2025,Movimientos excluidos,Traspaso entre cuentas,Traspaso recibido de CARLOS ANTONIO Movimiento ING,,500.00,"1,981.93"
21/10/2025,Otros ingresos,Ingresos de otras entidades,Transferencia recibida de MARIA DEL CARMEN LOPEZ GUIJARRO,,500.00,"1,481.93"
20/10/2025,Alimentación,Supermercados y alimentación,Pago en MERCADONA MONTEBURGOS MADRID ES,,-85.16,981.93
20/10/2025,Otros ingresos,Ingresos de otras entidades,Transferencia recibida de MARIA DEL CARMEN LOPEZ GUIJARRO,,900.00,"1,067.09"
16/10/2025,Alimentación,Supermercados y alimentación,Pago en MERCADONA C MA MADRID ES,,-59.68,167.09
16/10/2025,Movimientos excluidos,Traspaso entre cuentas,Traspaso interno recibido Movimiento ING,,200.00,226.77
15/10/2025,Alimentación,Supermercados y alimentación,Pago en ALDI MADRID QUINTANAVIDESMADRID ES,,-13.28,26.77
15/10/2025,Otros gastos,Otros gastos (otros),Recibo APA EL VALLE,,-20.00,40.05
14/10/2025,Alimentación,Supermercados y alimentación,Pago en MIALCAMPO PRINCIPE CARLOSMADRID ES,,-16.10,60.05
14/10/2025,Otros gastos,Transferencias,Transferencia emitida a PSICOLOGIA Y LOGOPEDIA BLA BLA Valoración Alejandro Pérez López,,-70.00,76.15
13/10/2025,Alimentación,Supermercados y alimentación,Pago en DIA 16130 MADRID ES,,-39.42,146.15
12/10/2025,Ocio y viajes,Cafeterías y restaurantes,Pago en PUY DU FOU ESPAÑA ZURBARAN ES,,-7.80,185.57
11/10/2025,Alimentación,Supermercados y alimentación,Pago en MERCADONA C MA MADRID ES,,-86.45,193.37
11/10/2025,Alimentación,Supermercados y alimentación,Pago en SANCHINARRO H. MADRID ES,,-21.48,279.82
11/10/2025,Compras,Compras (otros),Pago en EL CORTE INGLES SANCHINARMADRID ES,,-56.90,301.30
08/10/2025,Otros ingresos,Ingresos de otras entidades,Transferencia recibida de MARIA DEL CARMEN LOPEZ GUIJARRO,,200.00,358.20
08/10/2025,Movimientos excluidos,Traspaso entre cuentas,Traspaso interno recibido Movimiento ING,,200.00,158.20
07/10/2025,Alimentación,Supermercados y alimentación,Pago en MERCADONA MONTEBURGOS MADRID ES,,-52.97,-41.80
07/10/2025,Otros ingresos,Ingresos de otras entidades,Transferencia recibida de BASER COMERCIALIZADORA DE REFERENCIA SA Abono BASER 700008288165,,3.26,11.17
07/10/2025,Otros gastos,Transferencias,Transferencia emitida a CARLOS ANTONIO PEREZ HAURIE Nomina Laura,,-400.00,7.91
07/10/2025,Compras,Compras (otros),Pago en AMAZON* V80Q52FJ5,,-22.49,407.91
05/10/2025,Compras,Regalos y juguetes,Pago en BAZAR LONG MADRID ES,,-6.80,430.40
05/10/2025,Alimentación,Supermercados y alimentación,Pago en DIA RETAIL ESPA¥A MADRID MADRID ES,,-41.10,437.20
04/10/2025,Alimentación,Supermercados y alimentación,Pago en MERCADONA C MA MADRID ES,,-59.13,478.30
04/10/2025,Hogar,Mantenimiento del hogar,Pago en MUY MUCHO TOLEDO TOLEDO ES,,-29.99,537.43
04/10/2025,Compras,Ropa y complementos,Devolución Tarjeta TEXTIL TEXTURA ALCOBENDAS ES,,33.98,567.42
03/10/2025,Alimentación,Supermercados y alimentación,Pago en MERCADONA MONTEBURGOS MADRID ES,,-53.50,533.44
03/10/2025,Compras,"Belleza, peluquería y perfumería",Pago en MI PELU MADRID ES,,-29.51,586.94
02/10/2025,Alimentación,Supermercados y alimentación,Pago en MIALCAMPO PRINCIPE CARLOSMADRID ES,,-12.97,616.45
02/10/2025,Alimentación,Supermercados y alimentación,Pago en DIA 16130 MADRID ES,,-10.74,629.42
01/10/2025,Alimentación,Supermercados y alimentación,Pago en ALDI MADRID QUINTANAVIDESMADRID ES,,-39.96,640.16
01/10/2025,Hogar,Agua,"Recibo CANAL DE ISABEL II GESTION, S.",,-34.63,680.12
01/10/2025,Hogar,Luz y gas,"Recibo IBERDROLA CLIENTES, S.A.U",,-53.64,714.75
01/10/2025,Educación y salud,Educación,"Recibo SERVICIOS EDUCATIVOS EL VALLE DE SANCHINARRO, SLL",,-404.13,768.39
01/10/2025,Educación y salud,Educación,Recibo SERVICIOS EDUCATIVOS EL VALLE DE SAN CHI,,-398.40,"1,172.52"
01/10/2025,Hogar,"Teléfono, TV e internet","Recibo TELEFONICA DE ESPANA, S. A. U.",,-2.00,"1,570.92"
01/10/2025,Hogar,"Teléfono, TV e internet","Recibo TELEFONICA MOVILES ESPANA, S.A.",,-8.00,"1,572.92"
01/10/2025,Otros gastos,Otros gastos (otros),"Recibo C.P. NICETO ALCALA ZAMORA 24-42 CL Niceto Alcala Zamora, 24",,-203.46,"1,580.92"
01/10/2025,Otros ingresos,Ingresos de otras entidades,Transferencia recibida de CARLOS ANTONIO PEREZ HAURIE GASTOS,,"1,416.00","1,784.38"
01/10/2025,Otros gastos,Transferencias,Transferencia emitida periódica,,-75.00,368.38
30/09/2025,Educación y salud,Deporte y gimnasio,Pago en C.D.E.V. SANCHINARRO MADRID ES,,-45.00,443.38
30/09/2025,Educación y salud,Deporte y gimnasio,Pago en C.D.E.V. SANCHINARRO MADRID ES,,-45.00,488.38
29/09/2025,Alimentación,Supermercados y alimentación,Pago en DIA 16130 MADRID ES,,-41.76,533.38
28/09/2025,Alimentación,Supermercados y alimentación,Pago en PANADERIA MERCE MARTIN AYLLON ES,,-14.60,575.14
27/09/2025,Otros gastos,Cajeros,Comisión cajero CAJA RURAL DE BURGOS (CAJAYLLON ES,,-2.50,589.74
27/09/2025,Otros gastos,Cajeros,Reintegro efectivo tarjeta CAJA RURAL DE BURGOS (CAJAYLLON ES,,-30.00,592.24
27/09/2025,Alimentación,Supermercados y alimentación,Pago en EROSKI AYLLON ES,,-15.57,622.24
26/09/2025,Compras,Ropa y complementos,Pago en TEXTIL TEXTURA ALCOBENDAS ES,,-33.98,637.81
26/09/2025,Compras,Ropa y complementos,Devolución Tarjeta TEXTIL TEXTURA ALCOBENDAS ES,,39.80,671.79
25/09/2025,Alimentación,Supermercados y alimentación,Pago en MERCADONA MONTEBURGOS MADRID ES,,-58.00,631.99
24/09/2025,Alimentación,Supermercados y alimentación,Pago en DIA 16130 MADRID ES,,-48.22,689.99
22/09/2025,Alimentación,Supermercados y alimentación,Pago en DIA RETAIL ESPA¥A MADRID MADRID ES,,-4.74,738.21
21/09/2025,Compras,Ropa y complementos,Pago en TEXTIL TEXTURA ALCOBENDAS ES,,-39.80,742.95
21/09/2025,Alimentación,Supermercados y alimentación,Pago en ALDI PASEO DE LA HABANA MADRID ES,,-24.57,782.75
21/09/2025,Compras,Regalos y juguetes,Pago en TIGER PRINCIPE DE VERGARAMADRID ES,,-6.00,807.32
20/09/2025,Otros ingresos,Ingresos de otras entidades,Transferencia recibida de MARIA DEL CARMEN LOPEZ GUIJARRO,,900.00,813.32
20/09/2025,Alimentación,Supermercados y alimentación,Pago en DIA 16130 MADRID ES,,-37.07,-86.68
19/09/2025,Alimentación,Supermercados y alimentación,Pago en MERCADONA C MA MADRID ES,,-91.08,-49.61
18/09/2025,Compras,Compras (otros),Pago en AMAZON* CA09H0LZ5,,-9.99,41.47
17/09/2025,Alimentación,Supermercados y alimentación,Pago en MERCADONA MONTEBURGOS MADRID ES,,-49.81,51.46
16/09/2025,Educación y salud,Deporte y gimnasio,Pago en DECATHLON ALCOBENDAS ALCOBENDAS ES,,-29.99,101.27
15/09/2025,Alimentación,Supermercados y alimentación,Pago en DIA RETAIL ESPA¥A MADRID MADRID ES,,-23.00,131.26
14/09/2025,Hogar,Decoración y mobiliario,Pago en IKEA SSDLR HFB S.SEBASTIAN DES,,-45.63,154.26
14/09/2025,Hogar,Decoración y mobiliario,Pago en IKEA SSDLR FOOD S.SEBASTIAN DES,,-12.78,199.89
14/09/2025,Alimentación,Supermercados y alimentación,Pago en MIALCAMPO PRINCIPE CARLOSMADRID ES,,-22.59,212.67
13/09/2025,Alimentación,Supermercados y alimentación,Pago en DIA 16130 MADRID ES,,-22.80,235.26
13/09/2025,Ocio y viajes,"Libros, música y videojuegos",Pago en CARLIN MARIA TUBAU ES,,-15.05,258.06
13/09/2025,Alimentación,Supermercados y alimentación,Pago en LEVADURA MADRE(ING. E. HEMADRID ES,,-6.95,273.11
12/09/2025,Alimentación,Supermercados y alimentación,Pago en DIA RETAIL ESPA¥A MADRID MADRID ES,,-30.71,280.06
12/09/2025,Educación y salud,Deporte y gimnasio,Pago en C.D.E.V. SANCHINARRO MADRID ES,,-78.00,310.77
12/09/2025,Compras,Compras (otros),Pago en AMAZON* Z828G1414,,-21.99,388.77
11/09/2025,Educación y salud,Deporte y gimnasio,Pago en C.D.E.V. SANCHINARRO MADRID ES,,-30.00,410.76
11/09/2025,Educación y salud,Deporte y gimnasio,Pago en C.D.E.V. SANCHINARRO MADRID ES,,-30.00,440.76
11/09/2025,Alimentación,Supermercados y alimentación,Pago en MERCADONA C MA MADRID ES,,-62.02,470.76
10/09/2025,Alimentación,Supermercados y alimentación,Pago en SANCHINARRO H. MADRID ES,,-5.60,532.78
10/09/2025,Alimentación,Supermercados y alimentación,Pago en ALDI MADRID QUINTANAVIDESMADRID ES,,-29.29,538.38
08/09/2025,Alimentación,Supermercados y alimentación,Pago en ALDI MADRID QUINTANAVIDESMADRID ES,,-31.62,567.67
08/09/2025,Hogar,Luz y gas,"Recibo IBERDROLA CLIENTES, S.A.U",,-52.34,599.29
07/09/2025,Alimentación,Supermercados y alimentación,Pago en DIA 16130 MADRID ES,,-5.88,651.63
07/09/2025,Compras,Compras (otros),Pago en AMAZON* ZT5HG8LE4,,-11.99,657.51
06/09/2025,Alimentación,Supermercados y alimentación,Pago en SANCHINARRO H. MADRID ES,,-2.75,669.50
06/09/2025,Alimentación,Supermercados y alimentación,Pago en DIA 16130 MADRID ES,,-15.01,672.25
05/09/2025,Alimentación,Supermercados y alimentación,Pago en MERCADONA C MA MADRID ES,,-55.55,687.26
04/09/2025,Alimentación,Supermercados y alimentación,Pago en ALDI MADRID QUINTANAVIDESMADRID ES,,-13.32,742.81
03/09/2025,Alimentación,Supermercados y alimentación,Pago en DIA 9420 MADRID ES,,-12.48,756.13
02/09/2025,Compras,Compras (otros),Pago en EL CORTE INGLES SANCHINARMADRID ES,,-12.90,768.61
02/09/2025,Otros gastos,Transferencias,Transferencia emitida a MCARMEN LOPEZ GUIJARRO Uniformes,,-46.00,781.51
02/09/2025,Alimentación,Supermercados y alimentación,Pago en DIA 16130 MADRID ES,,-14.47,827.51
02/09/2025,Movimientos excluidos,Traspaso entre cuentas,Traspaso interno emitido Movimiento ING,,-600.00,841.98
02/09/2025,Otros ingresos,Ingresos de otras entidades,Transferencia recibida de CARLOS ANTONIO PEREZ HAURIE GASTOS,,"1,416.00","1,441.98"
01/09/2025,Alimentación,Supermercados y alimentación,Pago en SANCHINARRO H. MADRID ES,,-20.75,25.98
01/09/2025,Alimentación,Supermercados y alimentación,Pago en MERCADONA ONLINE WEB ES,,-310.53,46.73
01/09/2025,Movimientos excluidos,Traspaso entre cuentas,Traspaso interno recibido Movimiento ING,,600.00,357.26
01/09/2025,Educación y salud,Educación,"Recibo SERVICIOS EDUCATIVOS EL VALLE DE SANCHINARRO, SLL",,-348.50,-242.74
01/09/2025,Hogar,"Teléfono, TV e internet","Recibo TELEFONICA DE ESPANA, S. A. U.",,-2.00,105.76
01/09/2025,Educación y salud,Educación,Recibo SERVICIOS EDUCATIVOS EL VALLE DE SAN CHI,,-348.50,107.76
01/09/2025,Hogar,"Teléfono, TV e internet","Recibo TELEFONICA MOVILES ESPANA, S.A.",,-8.00,456.26
01/09/2025,Otros gastos,Otros gastos (otros),"Recibo C.P. NICETO ALCALA ZAMORA 24-42 CL Niceto Alcala Zamora, 24",,-203.46,464.26
01/09/2025,Otros gastos,Transferencias,Transferencia emitida periódica,,-75.00,667.72
31/08/2025,Alimentación,Supermercados y alimentación,Pago en FENG ZHANG MADRID ES,,-5.55,742.72
30/08/2025,Compras,Compras (otros),Pago en BALLENOIL BARBATE II - AVBARBATE ES,,-50.00,748.27
30/08/2025,Alimentación,Supermercados y alimentación,Pago en AUTOSERVICIO BAHIA ZAHARA DE LOSES,,-5.50,798.27
28/08/2025,Ocio y viajes,Cafeterías y restaurantes,Pago en CON HORIZONTE BAR SLU ZAHARA DE LOSES,,-140.00,803.77
28/08/2025,Alimentación,Supermercados y alimentación,Pago en AUTOSERVICIO BAHIA ZAHARA DE LOSES,,-5.10,943.77
27/08/2025,Compras,Compras (otros),Pago en CASH LEPE JAMON 306 LEPE ES,,-40.00,948.87
27/08/2025,Otros ingresos,Ingresos de otras entidades,Transferencia recibida de MARIA DEL CARMEN LOPEZ GUIJARRO,,900.00,988.87
26/08/2025,Alimentación,Supermercados y alimentación,Pago en AUTOSERVICIO BAHIA ZAHARA DE LOSES,,-4.50,88.87
25/08/2025,Alimentación,Supermercados y alimentación,Pago en AUTOSERVICIO BAHIA ZAHARA DE LOSES,,-5.99,93.37
24/08/2025,Alimentación,Supermercados y alimentación,Pago en DIA 7394 ZAHARA DE LOSES,,-6.10,99.36
23/08/2025,Compras,Compras (otros),Pago en CASH LEPE JAMON 306 LEPE ES,,-21.89,105.46
23/08/2025,Alimentación,Supermercados y alimentación,Pago en AUTOSERVICIO BAHIA ZAHARA DE LOSES,,-8.59,127.35
21/08/2025,Educación y salud,Deporte y gimnasio,Pago en APAIBASURF ZARZUELA LA ES,,-20.00,135.94
21/08/2025,Alimentación,Supermercados y alimentación,Pago en AUTOSERVICIO BAHIA ZAHARA DE LOSES,,-2.25,155.94
19/08/2025,Ocio y viajes,Cafeterías y restaurantes,Pago en EL PORTON ZAHARA DE LOSES,,-8.60,158.19
18/08/2025,Alimentación,Supermercados y alimentación,Pago en EMBUTIDOS PEPEJIME LOS BARRIOS ES,,-10.00,166.79
18/08/2025,Ocio y viajes,Cafeterías y restaurantes,Pago en LOOMISP*LA TABARRA ABA ALCALA DE LO ES,,-65.00,176.79
18/08/2025,Alimentación,Supermercados y alimentación,Pago en MERCADONA BARBATE BARBATE ES,,-361.90,241.79
17/08/2025,Otros ingresos,Ingresos de otras entidades,Transferencia recibida de MARIA DEL CARMEN LOPEZ GUIJARRO,,250.00,603.69
16/08/2025,Alimentación,Supermercados y alimentación,Pago en AUTOSERVICIO BAHIA ZAHARA DE LOSES,,-10.30,353.69
16/08/2025,Movimientos excluidos,Traspaso entre cuentas,Traspaso recibido de Carlos Antonio Perez Haurie Movimiento ING,,300.00,363.99
16/08/2025,Movimientos excluidos,Traspaso entre cuentas,Traspaso interno emitido Movimiento ING,,"-1,250.00",63.99
16/08/2025,Movimientos excluidos,Traspaso entre cuentas,Traspaso recibido de Carlos Antonio Perez Haurie Apartamento ,,"1,250.00","1,313.99"
16/08/2025,Alimentación,Supermercados y alimentación,Pago en DIA 7276 ALCALA DE LOSES,,-39.31,63.99
15/08/2025,Alimentación,Supermercados y alimentación,Pago en DIA 7276 ALCALA DE LOSES,,-17.24,103.30
14/08/2025,Alimentación,Supermercados y alimentación,Pago en SUPER ARCOS SANTO DOMINGOALCALA DE LOSES,,-19.04,120.54
14/08/2025,Otros ingresos,Ingresos de otras entidades,Transferencia recibida de MARIA DEL CARMEN LOPEZ GUIJARRO,,53.00,139.58
14/08/2025,Compras,Regalos y juguetes,Pago en DEPORTES ALCALA ALCALA DE LOSES,,-53.00,86.58
14/08/2025,Hogar,Luz y gas,Recibo BASER COMER. REFER. SA,,-34.80,139.58
13/08/2025,Alimentación,Supermercados y alimentación,Pago en MIALCAMPO PRINCIPE CARLOSMADRID ES,,-1.50,174.38
13/08/2025,Movimientos excluidos,Traspaso entre cuentas,Traspaso recibido de Carlos Antonio Perez Haurie Descubierto ,,200.00,175.88
12/08/2025,Alimentación,Supermercados y alimentación,Pago en ALDI MADRID QUINTANAVIDESMADRID ES,,-62.31,-24.12
11/08/2025,Alimentación,Supermercados y alimentación,Pago en LUPA P.ESTRADA COMILLAS COMILLAS ES,,-5.29,38.19
10/08/2025,Alimentación,Supermercados y alimentación,Pago en LUPA P ANGEL S VICENTE SAN VICENTE DES,,-12.02,43.48
09/08/2025,Alimentación,Supermercados y alimentación,Pago en LUPA P.ESTRADA COMILLAS COMILLAS ES,,-6.97,55.50
08/08/2025,Alimentación,Supermercados y alimentación,Pago en LUPA C CERVANTES COMILLASCOMILLAS ES,,-13.49,62.47
07/08/2025,Alimentación,Supermercados y alimentación,Pago en LUPA P.ESTRADA COMILLAS COMILLAS ES,,-20.95,75.96
07/08/2025,Otros gastos,Transferencias,Transferencia emitida a MCARMEN LOPEZ GUIJARRO Movimiento ING,,-450.00,96.91
06/08/2025,Alimentación,Supermercados y alimentación,Pago en HELADOS EL ARTICO COMILLAS ES,,-7.00,546.91
06/08/2025,Alimentación,Supermercados y alimentación,Pago en LUPA C CERVANTES COMILLASCOMILLAS ES,,-6.94,553.91
06/08/2025,Educación y salud,"Farmacia, herbolario y nutrición",Pago en FARMACIA CARMEN BUSTO COMILLAS ES,,-8.71,560.85
06/08/2025,Ocio y viajes,"Libros, música y videojuegos",Pago en LIBRERIA DI-KAR COMILLAS ES,,-31.40,569.56
05/08/2025,Alimentación,Supermercados y alimentación,Pago en LUPA P.ESTRADA COMILLAS COMILLAS ES,,-35.96,600.96
04/08/2025,Alimentación,Supermercados y alimentación,Pago en MERCADONA POL LAS NAVAS CABEZON DE LAES,,-173.96,636.92
04/08/2025,Hogar,Agua,"Recibo CANAL DE ISABEL II GESTION, S.",,-22.76,810.88
03/08/2025,Vehículo y transporte,Gasolina y combustible,Pago en CRED LAS TABLAS MADRID ES,,-54.01,833.64
03/08/2025,Vehículo y transporte,Gasolina y combustible,Pago en CRED LAS TABLAS MADRID ES,,-7.99,887.65
02/08/2025,Educación y salud,Deporte y gimnasio,Pago en DECATHLON ALCOBENDAS ALCOBENDAS ES,,-6.99,895.64
01/08/2025,Alimentación,Supermercados y alimentación,Pago en ALDI MADRID QUINTANAVIDESMADRID ES,,-26.71,902.63
01/08/2025,Ocio y viajes,Cafeterías y restaurantes,Pago en DO MEIGO LAS TABLAS MADRID ES,,-6.90,929.34
01/08/2025,Compras,"Belleza, peluquería y perfumería",Pago en MI PELU MADRID ES,,-31.90,936.24
01/08/2025,Otros gastos,Transferencias,Transferencia emitida a MCARMEN LOPEZ GUIJARRO Pago sergio,,-135.00,968.14
01/08/2025,Alimentación,Supermercados y alimentación,Pago en MERCADONA MONTEBURGOS MADRID ES,,-68.55,"1,103.14"
01/08/2025,Hogar,"Teléfono, TV e internet","Recibo TELEFONICA DE ESPANA, S. A. U.",,-5.73,"1,171.69"
01/08/2025,Hogar,"Teléfono, TV e internet","Recibo TELEFONICA MOVILES ESPANA, S.A.",,-8.00,"1,177.42"
01/08/2025,Otros gastos,Otros gastos (otros),"Recibo C.P. NICETO ALCALA ZAMORA 24-42 CL Niceto Alcala Zamora, 24",,-203.46,"1,185.42"
01/08/2025,Otros gastos,Transferencias,Transferencia emitida periódica,,-75.00,"1,388.88"
31/07/2025,Alimentación,Supermercados y alimentación,Pago en MIALCAMPO PRINCIPE CARLOSMADRID ES,,-16.43,"1,463.88"
31/07/2025,Hogar,Luz y gas,"Recibo IBERDROLA CLIENTES, S.A.U",,-29.43,"1,480.31"
31/07/2025,Otros ingresos,Ingresos de otras entidades,Transferencia recibida de CARLOS ANTONIO PEREZ HAURIE GASTOS,,"1,416.00","1,509.74"
29/07/2025,Movimientos excluidos,Traspaso entre cuentas,Traspaso interno emitido Movimiento ING,,-150.00,93.74
29/07/2025,Movimientos excluidos,Traspaso entre cuentas,Traspaso recibido de Carlos Antonio Perez Haurie Movimiento ING,,150.00,243.74
29/07/2025,Ocio y viajes,Cafeterías y restaurantes,Pago en HALAL KEBAB GRILL HOUS,,-19.50,93.74
28/07/2025,Alimentación,Supermercados y alimentación,Pago en SANCHINARRO H. MADRID ES,,-48.13,113.24
28/07/2025,Alimentación,Supermercados y alimentación,Pago en MERCADONA C MA MADRID ES,,-65.44,161.37
27/07/2025,Otros gastos,Cajeros,Reintegro efectivo tarjeta IBERCAJA MADRID 70 CAJES,,-270.00,226.81
26/07/2025,Alimentación,Supermercados y alimentación,Pago en DIA 16130 MADRID ES,,-13.80,496.81
26/07/2025,Ocio y viajes,"Cine, teatro y espectáculos",Pago en CINESA LA MORALEJA BARCELONA ES,,-6.60,510.61
25/07/2025,Ocio y viajes,Cafeterías y restaurantes,Pago en SANCHINARRO TAPAS MADRID ES,,-9.00,517.21
25/07/2025,Otros gastos,Transferencias,Transferencia emitida a MCARMEN LOPEZ GUIJARRO Caste,,-130.00,526.21
25/07/2025,Alimentación,Supermercados y alimentación,Pago en MIALCAMPO PRINCIPE CARLOSMADRID ES,,-9.02,656.21
24/07/2025,Alimentación,Supermercados y alimentación,Pago en MERCADONA C MA MADRID ES,,-60.69,665.23
22/07/2025,Alimentación,Supermercados y alimentación,Pago en DIA RETAIL ESPA¥A MADRID MADRID ES,,-15.86,725.92
22/07/2025,Alimentación,Supermercados y alimentación,Pago en MERCADONA MONTEBURGOS MADRID ES,,-25.21,741.78
21/07/2025,Alimentación,Supermercados y alimentación,Pago en ALDI MADRID QUINTANAVIDESMADRID ES,,-25.92,766.99
19/07/2025,Educación y salud,Deporte y gimnasio,Pago en DECATHLON ALCOBENDAS ALCOBENDAS ES,,-11.99,792.91
19/07/2025,Alimentación,Supermercados y alimentación,Pago en MERCADONA VIRGEN CARMEN MADRID ES,,-95.12,804.90
18/07/2025,Alimentación,Supermercados y alimentación,Pago en DIA RETAIL ESPA¥A MADRID MADRID ES,,-7.03,900.02
18/07/2025,Otros ingresos,Ingresos de otras entidades,Transferencia recibida de MARIA DEL CARMEN LOPEZ GUIJARRO,,825.00,907.05
15/07/2025,Alimentación,Supermercados y alimentación,Pago en MERCADONA C MA MADRID ES,,-147.27,82.05
15/07/2025,Movimientos excluidos,Traspaso entre cuentas,Traspaso recibido de Carlos Antonio Perez Haurie Movimiento ING,,100.00,229.32
14/07/2025,Otros ingresos,Ingresos de otras entidades,Transferencia recibida de MARIA DEL CARMEN LOPEZ GUIJARRO,,100.00,129.32
14/07/2025,Vehículo y transporte,Gasolina y combustible,Pago en ANGORA NR CANDELEDA ES,,-34.51,29.32
14/07/2025,Movimientos excluidos,Traspaso entre cuentas,Traspaso recibido de Carlos Antonio Perez Haurie Descubierto ,,100.00,63.83
13/07/2025,Ocio y viajes,Ocio y viajes (otros),Pago en AYUNTAMIENTO DE CANDEL,,-1.30,-36.17
12/07/2025,Alimentación,Supermercados y alimentación,Pago en DIA 9098 CANDELEDA ES,,-33.99,-34.87
11/07/2025,Alimentación,Supermercados y alimentación,Pago en PASTELERIA LA BAMBA ARENAS S PEDRES,,-5.50,-0.88
11/07/2025,Ocio y viajes,"Cine, teatro y espectáculos",Pago en GRUTAS DEL AGUILA RAMACASTAAS ES,,-3.00,4.62
11/07/2025,Ocio y viajes,"Cine, teatro y espectáculos",Pago en GRUTAS DEL AGUILA RAMACASTAAS ES,,-11.00,7.62
10/07/2025,Alimentación,Supermercados y alimentación,Pago en DIA 9098 CANDELEDA ES,,-11.86,18.62
10/07/2025,Compras,Compras (otros),Pago en WWW.AMAZON.* RC78M5TX4,,-5.70,30.48
08/07/2025,Compras,Ropa y complementos,Pago en LA EXPOSICION CANDELEDA ES,,-25.00,36.18
08/07/2025,Educación y salud,"Farmacia, herbolario y nutrición",Pago en FARMACIA MORCUENDE CANDELEDA ES,,-17.70,61.18
08/07/2025,Hogar,Luz y gas,"Recibo IBERDROLA CLIENTES, S.A.U",,-43.69,78.88
07/07/2025,Alimentación,Supermercados y alimentación,Pago en DIA 9098 CANDELEDA ES,,-17.53,122.57
07/07/2025,Alimentación,Supermercados y alimentación,Pago en FRUTAS RADILLO CANDELEDA ES,,-18.84,140.10
06/07/2025,Hogar,Decoración y mobiliario,Pago en CM282 SAN SEBASTIAN,,-12.99,158.94
05/07/2025,Alimentación,Supermercados y alimentación,Pago en SUPERMERCADO JIN CANDELEDA ES,,-20.00,171.93
05/07/2025,Alimentación,Supermercados y alimentación,Pago en DIA 9098 CANDELEDA ES,,-185.19,191.93
05/07/2025,Ocio y viajes,Cafeterías y restaurantes,Pago en LAGARTIN E HIJOS SL CANDELEDA ES,,-75.00,377.12
05/07/2025,Vehículo y transporte,Gasolina y combustible,Pago en CRED LAS TABLAS MADRID ES,,-52.76,452.12
04/07/2025,Hogar,Mantenimiento del hogar,Pago en LEROY MERLIN ALCOBENDAS ALCOBENDAS ES,,-53.97,504.88
04/07/2025,Hogar,Mantenimiento del hogar,Pago en LEROY MERLIN ALCOBENDAS ALCOBENDAS ES,,-44.98,558.85
04/07/2025,Otros gastos,Transferencias,Transferencia emitida a MCARMEN LOPEZ GUIJARRO Compra mercadona,,-30.00,603.83
03/07/2025,Educación y salud,Deporte y gimnasio,Pago en DECATHLON ALCOBENDAS ALCOBENDAS ES,,-24.98,633.83
03/07/2025,Otros gastos,Transferencias,Transferencia emitida a CARLOS ANTONIO PEREZ HAURIE Nomina Edy,,-429.00,658.81
02/07/2025,Compras,Compras (otros),Pago en WWW.AMAZON.* DN5ZQ69T5,,-14.72,"1,087.81"
01/07/2025,Compras,Compras (otros),Pago en WWW.AMAZON.* SN1DS49D5,,-11.35,"1,102.53"
01/07/2025,Hogar,"Teléfono, TV e internet","Recibo TELEFONICA DE ESPANA, S. A. U.",,-10.00,"1,113.88"
01/07/2025,Hogar,"Teléfono, TV e internet","Recibo TELEFONICA MOVILES ESPANA, S.A.",,-7.53,"1,123.88"
01/07/2025,Otros gastos,Otros gastos (otros),"Recibo C.P. NICETO ALCALA ZAMORA 24-42 CL Niceto Alcala Zamora, 24",,-203.46,"1,131.41"
01/07/2025,Otros ingresos,Ingresos de otras entidades,Transferencia recibida de CARLOS ANTONIO PEREZ HAURIE GASTOS,,"1,416.00","1,334.87"
01/07/2025,Otros gastos,Transferencias,Transferencia emitida periódica,,-75.00,-81.13
30/06/2025,Alimentación,Supermercados y alimentación,Pago en DIA 16130 MADRID ES,,-15.37,-6.13
30/06/2025,Compras,Regalos y juguetes,Pago en BAZAR LONG MADRID ES,,-0.90,9.24
30/06/2025,Alimentación,Supermercados y alimentación,Pago en SANCHINARRO H. MADRID ES,,-9.65,10.14
30/06/2025,Alimentación,Supermercados y alimentación,Devolución Tarjeta SANCHINARRO H. MADRID ES,,16.50,19.79
30/06/2025,Otros gastos,Transferencias,Transferencia emitida a CDE RANDORI CUOTA Manuel y Alejandro Pérez López,,-400.00,3.29
29/06/2025,Alimentación,Supermercados y alimentación,Pago en SANCHINARRO H. MADRID ES,,-66.00,403.29
28/06/2025,Alimentación,Supermercados y alimentación,Pago en MERCADONA C MA MADRID ES,,-101.38,469.29
25/06/2025,Alimentación,Supermercados y alimentación,Pago en DIA RETAIL ESPA¥A MADRID MADRID ES,,-32.20,570.67
24/06/2025,Compras,Compras (otros),Pago en EL CORTE INGLES SANCHINARMADRID ES,,-33.40,602.87
24/06/2025,Alimentación,Supermercados y alimentación,Pago en SANCHINARRO H. MADRID ES,,-34.72,636.27
24/06/2025,Compras,Ropa y complementos,Devolución Tarjeta Zara.com,,12.95,670.99
24/06/2025,Otros ingresos,Ingresos de otras entidades,Transferencia recibida de SANITAS SOCIEDAD ANONIMA DE SEGUROS 0003824586 / 05579948 / 1202501423803001 / 1202501423803001,,9.82,658.04
23/06/2025,Otros gastos,Transferencias,Transferencia emitida a Alicio Muñoz Pago mitad obra,,"-9,000.00",648.22
22/06/2025,Alimentación,Supermercados y alimentación,Pago en MARKET EL ENCINAR MADRID ES,,-22.79,"9,648.22"
21/06/2025,Alimentación,Supermercados y alimentación,Pago en MERCADONA C MA MADRID ES,,-24.17,"9,671.01"
21/06/2025,Compras,Ropa y complementos,Devolución Tarjeta KIABI SAN SEBASTIAN DE LOSAN SEBASTIANES,,7.00,"9,695.18"
21/06/2025,Inversión,Fondos de inversión,Pago en PERSOREGALA SAN SEBASTIANES,,-22.90,"9,688.18"
21/06/2025,Movimientos excluidos,Traspaso entre cuentas,Traspaso recibido Cuenta Nómina Pago alicio,,"9,000.00","9,711.08"
21/06/2025,Alimentación,Supermercados y alimentación,Pago en DIA 16130 MADRID ES,,-31.45,711.08
21/06/2025,Ventajas ING,Otras Ventajas ING,Abono por campaña Abono Shopping NARANJA:GALP,,0.90,742.53
20/06/2025,Compras,"Belleza, peluquería y perfumería",Pago en MI PELU MADRID ES,,-31.90,741.63
20/06/2025,Alimentación,Supermercados y alimentación,Pago en MERCADONA C MA MADRID ES,,-113.05,773.53
20/06/2025,Vehículo y transporte,Gasolina y combustible,Pago en SANCHINARRO MADRID ES,,-30.00,886.58
20/06/2025,Otros ingresos,Ingresos de otras entidades,Transferencia recibida de MARIA DEL CARMEN LOPEZ GUIJARRO,,900.00,916.58
19/06/2025,Compras,Ropa y complementos,Pago en Zara.com,,-51.75,16.58
17/06/2025,Educación y salud,"Farmacia, herbolario y nutrición",Pago en FARMACIA PRINCIPE CARLOS MADRID ES,,-19.64,68.33
17/06/2025,Alimentación,Supermercados y alimentación,Pago en MERCADONA MONTEBURGOS MADRID ES,,-44.11,87.97
17/06/2025,Otros gastos,Transferencias,Transferencia emitida a CF Talavera Campus CD Talavera Alejandro,,-75.00,132.08
17/06/2025,Otros gastos,Transferencias,Transferencia emitida a CF Talavera Campus CF Talavera Manuel Perez,,-85.00,207.08
16/06/2025,Alimentación,Supermercados y alimentación,Pago en DIA 16130 MADRID ES,,-8.08,292.08
16/06/2025,Movimientos excluidos,Traspaso entre cuentas,Traspaso interno recibido Campamento Cande,,160.00,300.16
16/06/2025,Movimientos excluidos,Traspaso entre cuentas,Traspaso recibido Cuenta Nómina Descubierto ,,400.00,140.16
15/06/2025,Alimentación,Supermercados y alimentación,Pago en DIA RETAIL ESPA¥A MADRID MADRID ES,,-42.33,-259.84
15/06/2025,Compras,Ropa y complementos,Devolución Tarjeta ZARA MADRID CC MORALEJA ALCOBENDAS ES,,19.90,-217.51
14/06/2025,Alimentación,Supermercados y alimentación,Pago en DIA 16130 MADRID ES,,-11.33,-237.41
14/06/2025,Compras,Regalos y juguetes,Pago en BAZAR LONG MADRID ES,,-7.00,-226.08
13/06/2025,Compras,Ropa y complementos,Pago en ZARA MADRID PLAZA NORTE SAN SEBASTIANES,,-41.85,-219.08
13/06/2025,Compras,Ropa y complementos,Pago en KIABI SAN SEBASTIAN DE LOSAN SEBASTIANES,,-20.00,-177.23
12/06/2025,Alimentación,Supermercados y alimentación,Pago en MIALCAMPO PRINCIPE CARLOSMADRID ES,,-13.52,-157.23
12/06/2025,Alimentación,Supermercados y alimentación,Pago en MIALCAMPO PRINCIPE CARLOSMADRID ES,,-39.19,-143.71
12/06/2025,Otros gastos,Comisiones e intereses,Comisión Siempre Cubierto,,-3.99,-104.52
12/06/2025,Hogar,Luz y gas,Recibo BASER COMER. REFER. SA,,-41.16,-100.53
10/06/2025,Alimentación,Supermercados y alimentación,Pago en MERCADONA C MA MADRID ES,,-11.01,-59.37
08/06/2025,Alimentación,Supermercados y alimentación,Pago en ALDI MADRID QUINTANAVIDESMADRID ES,,-67.70,-48.36
08/06/2025,Educación y salud,Deporte y gimnasio,Pago en DECATHLON ALCOBENDAS ALCOBENDAS ES,,-23.97,19.34
07/06/2025,Alimentación,Supermercados y alimentación,Pago en MIALCAMPO PRINCIPE CARLOSMADRID ES,,-7.55,43.31
06/06/2025,Compras,Ropa y complementos,Pago en KIABI SAN SEBASTIAN DE LOSAN SEBASTIANES,,-38.60,50.86
06/06/2025,Compras,Compras (otros),Pago en AMAZON* LU9WY4FP5,,-7.99,89.46
06/06/2025,Otros ingresos,Ingresos de otras entidades,Transferencia recibida de SANITAS SOCIEDAD ANONIMA DE SEGUROS 0003778687 / 05538180 / 1202501380160001 / 1202501380160001,,5.01,97.45
05/06/2025,Alimentación,Supermercados y alimentación,Pago en MERCADONA C MA MADRID ES,,-112.97,92.44
05/06/2025,Movimientos excluidos,Traspaso entre cuentas,Traspaso recibido Cuenta Nómina Descubierto ,,200.00,205.41
05/06/2025,Alimentación,Supermercados y alimentación,Pago en FENG ZHANG MADRID ES,,-7.35,5.41
05/06/2025,Hogar,Agua,"Recibo CANAL DE ISABEL II GESTION, S.",,-50.01,12.76
04/06/2025,Alimentación,Supermercados y alimentación,Pago en ALDI MADRID QUINTANAVIDESMADRID ES,,-9.83,62.77
04/06/2025,Hogar,Luz y gas,"Recibo IBERDROLA CLIENTES, S.A.U",,-65.57,72.60
03/06/2025,Alimentación,Supermercados y alimentación,Pago en DIA 16130 MADRID ES,,-18.05,138.17
03/06/2025,Otros gastos,Transferencias,Traspaso interno emitido Ingles,,-49.00,156.22
03/06/2025,Otros gastos,Transferencias,Transferencia emitida a CARMEN LOPEZ GUIJARRO Movimiento ING,,-237.00,205.22
02/06/2025,Movimientos excluidos,Traspaso entre cuentas,Traspaso interno recibido Nomina Laura,,237.00,442.22
02/06/2025,Educación y salud,Educación,Pago en COLEGIO EL VALLE SANCHINAMADRID ES,,-18.00,205.22
02/06/2025,Hogar,"Teléfono, TV e internet","Recibo TELEFONICA DE ESPANA, S. A. U.",,-10.00,223.22
02/06/2025,Educación y salud,Educación,"Recibo SERVICIOS EDUCATIVOS EL VALLE DE SANCHINARRO, SLL",,-319.50,233.22
02/06/2025,Educación y salud,Educación,Recibo SERVICIOS EDUCATIVOS EL VALLE DE SAN CHI,,-319.50,552.72
02/06/2025,Otros gastos,Otros gastos (otros),"Recibo C.P. NICETO ALCALA ZAMORA 24-42 CL Niceto Alcala Zamora, 24",,-203.46,872.22
02/06/2025,Otros gastos,Pago de impuestos,Recibo AYUNTAMIENTO DE MADRID,,-129.00,"1,075.68"
02/06/2025,Otros gastos,Transferencias,Transferencia emitida periódica,,-75.00,"1,204.68"
01/06/2025,Alimentación,Supermercados y alimentación,Pago en DIA RETAIL ESPA¥A MADRID MADRID ES,,-1.93,"1,279.68"
01/06/2025,Compras,Regalos y juguetes,Pago en BAZAR GRAN AHORRO MADRID ES,,-9.60,"1,281.61"
01/06/2025,Educación y salud,"Farmacia, herbolario y nutrición",Pago en FARMACIA PRINCIPE CARLOS MADRID ES,,-10.02,"1,291.21"
01/06/2025,Alimentación,Supermercados y alimentación,Pago en DIA RETAIL ESPA¥A MADRID MADRID ES,,-23.12,"1,301.23"
31/05/2025,Alimentación,Supermercados y alimentación,Pago en MERCADONA C MA MADRID ES,,-13.50,"1,324.35"
31/05/2025,Alimentación,Supermercados y alimentación,Pago en MERCADONA C MA MADRID ES,,-95.81,"1,337.85"
31/05/2025,Otros ingresos,Ingresos de otras entidades,Transferencia recibida de CARLOS ANTONIO PEREZ HAURIE GASTOS,,"1,416.00","1,433.66"
30/05/2025,Educación y salud,"Farmacia, herbolario y nutrición",Pago en FARMACIA PRINCIPE CARLOS MADRID ES,,-16.38,17.66
30/05/2025,Compras,Compras (otros),Pago en AMAZON* CR5AO27F5,,-26.99,34.04
29/05/2025,Compras,Compras (otros),Pago en AMAZON* HJ2GR8OC5,,-25.99,61.03
27/05/2025,Otros gastos,Cajeros,Reintegro efectivo tarjeta IBERCAJA MADRID 70 CAJES,,-250.00,87.02
27/05/2025,Otros gastos,Transferencias,Transferencia emitida a CDE RANDORI Cuota Alejandro Pérez López,,-265.00,337.02
26/05/2025,Alimentación,Supermercados y alimentación,Pago en ALDI MADRID QUINTANAVIDESMADRID ES,,-42.80,602.02
24/05/2025,Alimentación,Supermercados y alimentación,Pago en MERCADONA C MA MADRID ES,,-5.00,644.82
24/05/2025,Alimentación,Supermercados y alimentación,Pago en MERCADONA C MA MADRID ES,,-114.28,649.82
23/05/2025,Compras,Regalos y juguetes,Pago en BAZAR LONG MADRID ES,,-5.60,764.10
23/05/2025,Alimentación,Supermercados y alimentación,Pago en DIA 16130 MADRID ES,,-17.10,769.70
22/05/2025,Alimentación,Supermercados y alimentación,Pago en MERCADONA C MA MADRID ES,,-67.91,786.80
21/05/2025,Alimentación,Supermercados y alimentación,Pago en SANCHINARRO H. MADRID ES,,-15.48,854.71
21/05/2025,Compras,Compras (otros),Pago en EL CORTE INGLES SANCHINARMADRID ES,,-22.02,870.19
20/05/2025,Alimentación,Supermercados y alimentación,Pago en DIA RETAIL ESPA¥A MADRID MADRID ES,,-20.32,892.21
20/05/2025,Otros ingresos,Ingresos de otras entidades,Transferencia recibida de MARIA DEL CARMEN LOPEZ GUIJARRO Gastos,,900.00,912.53
19/05/2025,Educación y salud,Deporte y gimnasio,Pago en C.D.E.V. SANCHINARRO MADRID ES,,-200.00,12.53
19/05/2025,Educación y salud,Deporte y gimnasio,Pago en C.D.E.V. SANCHINARRO MADRID ES,,-200.00,212.53
19/05/2025,Movimientos excluidos,Traspaso entre cuentas,Traspaso interno recibido Reservas plaza deportes el valle,,400.00,412.53
17/05/2025,Compras,Regalos y juguetes,Pago en MORALEJA KIDS ALCOBENDAS ES,,-25.00,12.53
16/05/2025,Movimientos excluidos,Traspaso entre cuentas,Traspaso interno recibido Descubierto,,150.00,37.53
16/05/2025,Compras,"Belleza, peluquería y perfumería",Pago en MI PELU MADRID ES,,-10.00,-112.47
16/05/2025,Alimentación,Supermercados y alimentación,Pago en MERCADONA MONTEBURGOS MADRID ES,,-116.62,-102.47
15/05/2025,Movimientos excluidos,Traspaso entre cuentas,Traspaso interno recibido Descubierto ,,150.00,14.15
15/05/2025,Otros gastos,Otros gastos (otros),"Recibo C.P. NICETO ALCALA ZAMORA 24-42 CL Niceto Alcala Zamora, 24",,-129.81,-135.85
12/05/2025,Alimentación,Supermercados y alimentación,Pago en MIALCAMPO PRINCIPE CARLOSMADRID ES,,-1.52,-6.04
12/05/2025,Alimentación,Supermercados y alimentación,Pago en MIALCAMPO PRINCIPE CARLOSMADRID ES,,-4.68,-4.52
11/05/2025,Alimentación,Supermercados y alimentación,Pago en DIA 16130 MADRID ES,,-25.23,0.16
10/05/2025,Compras,Ropa y complementos,Pago en MADRIDNORTE SERV FRANQUICMADRID ES,,-5.50,25.39
10/05/2025,Alimentación,Supermercados y alimentación,Pago en MERCADONA C MA MADRID ES,,-145.45,30.89
09/05/2025,Compras,Compras (otros),Pago en BK22891 VALDEBEBAS MADRID ES,,-5.22,176.34
09/05/2025,Compras,Compras (otros),Pago en BK22891 VALDEBEBAS MADRID ES,,-4.21,181.56
09/05/2025,Compras,Compras (otros),Pago en BK22891 VALDEBEBAS MADRID ES,,-71.53,185.77
09/05/2025,Alimentación,Supermercados y alimentación,Pago en MERCADONA MONTEBURGOS MADRID ES,,-17.28,257.30
09/05/2025,Compras,Compras (otros),Pago en EL CORTE INGLES SANCHINARMADRID ES,,-22.02,274.58
08/05/2025,Educación y salud,Educación,Pago en COLEGIO EL VALLE SANCHINAMADRID ES,,-7.00,296.60
08/05/2025,Compras,Compras (otros),Pago en EL CORTE INGLES SANCHINARMADRID ES,,-15.99,303.60
08/05/2025,Alimentación,Supermercados y alimentación,Pago en SANCHINARRO H. MADRID ES,,-17.14,319.59
07/05/2025,Alimentación,Supermercados y alimentación,Pago en SANCHINARRO H. MADRID ES,,-3.94,336.73
06/05/2025,Alimentación,Supermercados y alimentación,Pago en ALDI MADRID QUINTANAVIDESMADRID ES,,-14.54,340.67
05/05/2025,Compras,"Belleza, peluquería y perfumería",Pago en MI PELU MADRID ES,,-31.90,355.21
05/05/2025,Compras,Ropa y complementos,Pago en MADRIDNORTE SERV FRANQUICMADRID ES,,-19.80,387.11
05/05/2025,Alimentación,Supermercados y alimentación,Pago en MERCADONA MONTEBURGOS MADRID ES,,-46.24,406.91
05/05/2025,Educación y salud,Educación,Pago en COLEGIO EL VALLE SANCHINAMADRID ES,,-5.00,453.15
05/05/2025,Compras,Compras (otros),Pago en AMAZON* 5D6SC31X5,,-8.72,458.15
05/05/2025,Hogar,Luz y gas,"Recibo IBERDROLA CLIENTES, S.A.U",,-64.93,466.87
05/05/2025,Educación y salud,Educación,"Recibo SERVICIOS EDUCATIVOS EL VALLE DE SANCHINARRO, SLL",,-319.50,531.80
05/05/2025,Educación y salud,Educación,Recibo SERVICIOS EDUCATIVOS EL VALLE DE SAN CHI,,-319.50,851.30
03/05/2025,Movimientos excluidos,Traspaso entre cuentas,Traspaso emitido Cuenta Nómina Nomina Laura,,-291.00,"1,170.80"
03/05/2025,Otros ingresos,Ingresos de otras entidades,Transferencia recibida de CARLOS ANTONIO PEREZ HAURIE IRPF 24,,"1,461.00","1,461.80"
02/05/2025,Compras,Regalos y juguetes,Pago en MAXICHINA MADRID ES,,-10.80,0.80
02/05/2025,Compras,Compras (otros),Pago en EL CORTE INGLES SANCHINARMADRID ES,,-19.00,11.60
02/05/2025,Alimentación,Supermercados y alimentación,Pago en SANCHINARRO H. MADRID ES,,-25.60,30.60
02/05/2025,Movimientos excluidos,Traspaso entre cuentas,Traspaso interno recibido Movimiento ING,,50.00,56.20
02/05/2025,Hogar,"Teléfono, TV e internet","Recibo TELEFONICA DE ESPANA, S. A. U.",,-13.87,6.20
02/05/2025,Otros gastos,Otros gastos (otros),"Recibo C.P. NICETO ALCALA ZAMORA 24-42 CL Niceto Alcala Zamora, 24",,-203.46,20.07
02/05/2025,Otros gastos,Transferencias,Transferencia emitida periódica,,-75.00,223.53
01/05/2025,Alimentación,Supermercados y alimentación,Pago en ALDI MADRID QUINTANAVIDESMADRID ES,,-6.72,298.53
01/05/2025,Alimentación,Supermercados y alimentación,Pago en SUPERCOR EXPRESS LAS TABLMADRID ES,,-3.80,305.25
30/04/2025,Alimentación,Supermercados y alimentación,Pago en MERCADONA C MA MADRID ES,,-34.89,309.05
30/04/2025,Otros gastos,Pago de impuestos,Cargo cuota SS,,-39.48,343.94
30/04/2025,Otros gastos,Pago de impuestos,Cargo cuota SS,,-3.44,383.42
29/04/2025,Alimentación,Supermercados y alimentación,Pago en MERCADONA C MA MADRID ES,,-19.50,386.86
29/04/2025,Alimentación,Supermercados y alimentación,Pago en MERCADONA MONTEBURGOS MADRID ES,,-68.58,406.36
28/04/2025,Ocio y viajes,"Libros, música y videojuegos",Pago en Nintendo EM9861ff0c2d5,,-59.99,474.94
28/04/2025,Otros gastos,Transferencias,Transferencia emitida a MCARMEN LOPEZ GUIJARRO Stick hockey Manu,,-79.00,534.93
27/04/2025,Educación y salud,"Farmacia, herbolario y nutrición",Pago en FCIA ALVAREZ CEBALLOS ALCOBENDAS ES,,-23.19,613.93
27/04/2025,Compras,Regalos y juguetes,Pago en MORALEJA KIDS ALCOBENDAS ES,,-24.00,637.12
27/04/2025,Educación y salud,Educación,Pago en EL VALLE MADRID ES,,-499.00,661.12
27/04/2025,Hogar,Mantenimiento del hogar,Pago en BSH ELECTRODOMESTICOS,,-42.35,"1,160.12"
27/04/2025,Compras,Ropa y complementos,Devolución Tarjeta OKAIDI SPAIN SA,,25.99,"1,202.47"
26/04/2025,Alimentación,Supermercados y alimentación,Pago en MERCADONA MONTEBURGOS MADRID ES,,-111.01,"1,176.48"
26/04/2025,Compras,Regalos y juguetes,Pago en BAZAR GRAN AHORRO MADRID ES,,-12.10,"1,287.49"
26/04/2025,Compras,Compras (otros),Pago en Amazon.es*7L01N4F95,,-17.01,"1,299.59"
24/04/2025,Alimentación,Supermercados y alimentación,Pago en MERCADONA PLAZA DE LA ESTGOLOSO DE EL ES,,-85.85,"1,316.60"
23/04/2025,Compras,Ropa y complementos,Pago en PISAMONAS MADRID ES,,-27.95,"1,402.45"
23/04/2025,Otros ingresos,Ingresos de otras entidades,Transferencia recibida de MARIA DEL CARMEN LOPEZ GUIJARRO,,900.00,"1,430.40"
23/04/2025,Ocio y viajes,"Libros, música y videojuegos",Pago en Nintendo EMfbd5b930f84,,-319.43,530.40
23/04/2025,Ocio y viajes,"Libros, música y videojuegos",Pago en Nintendo EMfbd5b930f84,,-40.55,849.83
22/04/2025,Alimentación,Supermercados y alimentación,Pago en DIA 16130 MADRID ES,,-27.72,890.38
22/04/2025,Compras,Regalos y juguetes,Pago en FUTBOLMANIA BARCELONA ES,,-47.98,918.10
22/04/2025,Otros gastos,Otros gastos (otros),"Recibo DESARROLLOS ECOLOGICOS EL VALLE, SL",,-102.00,966.08
20/04/2025,Compras,Compras (otros),Pago en EL CORTE INGLES S.SEBASTISAN SEBASTIANES,,-59.00,"1,068.08"
19/04/2025,Alimentación,Supermercados y alimentación,Pago en MERCADONA C MA MADRID ES,,-119.12,"1,127.08"
19/04/2025,Ocio y viajes,Cafeterías y restaurantes,Pago en Zettle_*CAFE FRESCO,,-12.45,"1,246.20"
18/04/2025,Alimentación,Supermercados y alimentación,Pago en T29 ALCAIDESA SAN ROQUE ES,,-6.46,"1,258.65"
17/04/2025,Alimentación,Supermercados y alimentación,Pago en ALDI LINEA DE LA CONCEPCILINEA DE LA CES,,-4.02,"1,265.11"
17/04/2025,Vehículo y transporte,Gasolina y combustible,Pago en E.S. CEDIPSA MONTILLA S ENRIQUE GUAES,,-74.00,"1,269.13"
17/04/2025,Alimentación,Supermercados y alimentación,Pago en MERCADONA SAN ROQUE ES,,-2.40,"1,343.13"
17/04/2025,Alimentación,Supermercados y alimentación,Pago en MERCADONA SAN ROQUE ES,,-29.82,"1,345.53"
16/04/2025,Alimentación,Supermercados y alimentación,Pago en T29 ALCAIDESA SAN ROQUE ES,,-3.39,"1,375.35"
16/04/2025,Ocio y viajes,Cafeterías y restaurantes,Pago en SumUp *Biopizza,,-7.50,"1,378.74"
15/04/2025,Compras,Regalos y juguetes,Pago en OTEROS LA LINEA ES,,-57.97,"1,386.24"
15/04/2025,Ocio y viajes,Cafeterías y restaurantes,Pago en CAFETERIA SOL Y MAR LA ALCAIDESA ES,,-4.40,"1,444.21"
15/04/2025,Alimentación,Supermercados y alimentación,Pago en T303 LOS BARRIOS CADIZ ZANONA ES,,-4.00,"1,448.61"
15/04/2025,Otros ingresos,Ingresos de otras entidades,Transferencia recibida de CARLOS ANTONIO PEREZ HAURIE IRPF 24,,"1,461.00","1,452.61"
15/04/2025,Otros ingresos,Ingresos de otras entidades,Transferencia recibida de SANITAS SOCIEDAD ANONIMA DE SEGUROS 0003632027 / 05409831 / 1202501255236001 / 1202501255236001,,9.59,-8.39
14/04/2025,Alimentación,Supermercados y alimentación,Pago en MERCADONA SAN ROQUE ES,,-115.71,-17.98
13/04/2025,Movimientos excluidos,Traspaso entre cuentas,Traspaso recibido Cuenta Nómina Descubierto ,,100.00,97.73
13/04/2025,Ventajas ING,Otras Ventajas ING,Abono por campaña Abono Shopping NARANJA:GALP,,0.60,-2.27
13/04/2025,Ventajas ING,Otras Ventajas ING,Abono por campaña Abono Shopping NARANJA:GALP,,2.34,-2.87
13/04/2025,Ocio y viajes,Cafeterías y restaurantes,Pago en VISTALEGRE CIUDAD REAL ES,,-9.80,-5.21
12/04/2025,Vehículo y transporte,Gasolina y combustible,Pago en SANCHINARRO MADRID ES,,-20.00,4.59
12/04/2025,Compras,Compras (otros),Pago en SPAYLATAM SERVICIOS DE PMADRID ES,,-1.00,24.59
12/04/2025,Compras,Compras (otros),Pago en SPAYLATAM SERVICIOS DE PMADRID ES,,-2.00,25.59
12/04/2025,Vehículo y transporte,Gasolina y combustible,Pago en SANCHINARRO MADRID ES,,-78.15,27.59
12/04/2025,Alimentación,Supermercados y alimentación,Pago en MIALCAMPO PRINCIPE CARLOSMADRID ES,,-2.66,105.74
11/04/2025,Compras,Ropa y complementos,Pago en PISAMONAS MONTECARMELO MADRID ES,,-62.95,108.40
11/04/2025,Hogar,Luz y gas,Recibo BASER COMER. REFER. SA,,-95.00,171.35
10/04/2025,Ocio y viajes,Cafeterías y restaurantes,Pago en RESTAURANTE NOE MADRID ES,,-13.60,266.35
10/04/2025,Alimentación,Supermercados y alimentación,Pago en SUPERMERCADO ALIMENTACIONMADRID ES,,-2.50,279.95
09/04/2025,Otros gastos,Transferencias,Transferencia emitida a CARLOS ANTONIO PEREZ HAURIE Pago Tati,,-70.00,282.45
09/04/2025,Otros ingresos,Ingresos de otras entidades,Transferencia recibida de MARIA DEL CARMEN LOPEZ GUIJARRO,,270.00,352.45
09/04/2025,Compras,Ropa y complementos,Pago en OKAIDI SPAIN SA,,-25.99,82.45
09/04/2025,Compras,Ropa y complementos,Pago en OKAIDI SPAIN SA,,-15.99,108.44
09/04/2025,Compras,Ropa y complementos,Pago en OKAIDI SPAIN SA,,-21.99,124.43
08/04/2025,Alimentación,Supermercados y alimentación,Pago en DIA 16130 MADRID ES,,-10.58,146.42
08/04/2025,Educación y salud,"Farmacia, herbolario y nutrición",Pago en FARMACIA PRINCIPE CARLOS MADRID ES,,-19.18,157.00
08/04/2025,Otros gastos,Transferencias,Transferencia emitida a CARLOS ANTONIO PEREZ HAURIE Finiquito Edy,,-70.00,176.18
08/04/2025,Movimientos excluidos,Traspaso entre cuentas,Traspaso recibido Cuenta Nómina Para gastos mes,,200.00,246.18
07/04/2025,Alimentación,Supermercados y alimentación,Pago en DIA 16130 MADRID ES,,-12.58,46.18
07/04/2025,Otros gastos,Transferencias,Transferencia emitida a MCARMEN LOPEZ GUIJARRO Pago Laura,,-33.00,58.76
05/04/2025,Alimentación,Supermercados y alimentación,Pago en MERCADONA C MA MADRID ES,,-257.06,91.76
04/04/2025,Movimientos excluidos,Traspaso entre cuentas,Traspaso emitido Cuenta Nómina Mitad materiales,,"-1,250.00",348.82
04/04/2025,Vehículo y transporte,Peajes,Pago en ATPSEITT Alcobenda >AlcoMADRID ES,,-0.60,"1,598.82"
04/04/2025,Educación y salud,Educación,Recibo SERVICIOS EDUCATIVOS EL VALLE DE SAN CHI,,-66.00,"1,599.42"
03/04/2025,Compras,Compras (otros),Pago en Amazon.es*RN9RG0NC4 amazon.esay LU,,-49.99,"1,665.42"
03/04/2025,Compras,Compras (otros),Pago en AMZN Mktp ES*RN6ZQ6TP4 800 279 6620 LU,,-9.28,"1,715.41"
03/04/2025,Alimentación,Supermercados y alimentación,Pago en EL PRINCIPITO MADRID ES,,-10.40,"1,724.69"
03/04/2025,Alimentación,Supermercados y alimentación,Pago en DIA 16130 MADRID ES,,-12.50,"1,735.09"
03/04/2025,Vehículo y transporte,Peajes,Pago en SEITT R3R5TRONCO ARGANDA MADRID ES,,-2.40,"1,747.59"
03/04/2025,Hogar,Luz y gas,Recibo Red Ofisat S.L.U.,,-204.34,"1,749.99"
03/04/2025,Otros ingresos,Ingresos de otras entidades,Transferencia recibida de MARIA DEL CARMEN LOPEZ GUIJARRO ALICIO/VENTANAS,,"1,250.00","1,954.33"
02/04/2025,Alimentación,Supermercados y alimentación,Pago en MERCADONA MONTEBURGOS MADRID ES,,-30.15,704.33
02/04/2025,Alimentación,Supermercados y alimentación,Pago en DIA 16130 MADRID ES,,-8.33,734.48
02/04/2025,Hogar,Agua,"Recibo CANAL DE ISABEL II GESTION, S.",,-50.55,742.81
02/04/2025,Hogar,Luz y gas,"Recibo IBERDROLA CLIENTES, S.A.U",,-62.22,793.36
02/04/2025,Otros gastos,Transferencias,Transferencia emitida a Alicio Muñoz Materiales presu 0525 M Carmen Lopez,,"-2,500.00",855.58
01/04/2025,Alimentación,Supermercados y alimentación,Pago en SANCHINARRO H. MADRID ES,,-9.07,"3,355.58"
01/04/2025,Movimientos excluidos,Traspaso entre cuentas,Traspaso recibido Cuenta Nómina Materiales obra,,"2,500.00","3,364.65"
01/04/2025,Alimentación,Supermercados y alimentación,Pago en DIA 9389 MADRID ES,,-7.53,864.65
01/04/2025,Educación y salud,Educación,Recibo SERVICIOS EDUCATIVOS EL VALLE DE SAN CHI,,-319.50,872.18
01/04/2025,Hogar,"Teléfono, TV e internet","Recibo TELEFONICA DE ESPANA, S. A. U.",,-16.00,"1,191.68"
01/04/2025,Educación y salud,Educación,"Recibo SERVICIOS EDUCATIVOS EL VALLE DE SANCHINARRO, SLL",,-319.50,"1,207.68"
01/04/2025,Otros gastos,Otros gastos (otros),"Recibo C.P. NICETO ALCALA ZAMORA 24-42 CL Niceto Alcala Zamora, 24",,-203.46,"1,527.18"
01/04/2025,Otros ingresos,Ingresos de otras entidades,Transferencia recibida de CARLOS ANTONIO PEREZ HAURIE GASTOS,,"1,416.00","1,730.64"
01/04/2025,Otros gastos,Transferencias,Transferencia emitida periódica,,-75.00,314.64
31/03/2025,Alimentación,Supermercados y alimentación,Pago en MERCADONA MONTEBURGOS MADRID ES,,-24.80,389.64
31/03/2025,Compras,Compras (otros),Pago en AMAZON* RZ6DQ8BM4,,-12.90,414.44
31/03/2025,Otros gastos,Pago de impuestos,Cargo cuota SS,,-84.57,427.34
30/03/2025,Alimentación,Supermercados y alimentación,Pago en DIA 16130 MADRID ES,,-44.15,511.91
30/03/2025,Vehículo y transporte,Gasolina y combustible,Pago en JUNCARET SL ALICANTE ES,,-42.21,556.06
29/03/2025,Alimentación,Supermercados y alimentación,Pago en MERCADONA AVDA. DE LAS NAALICANTE ES,,-20.38,598.27
29/03/2025,Alimentación,Supermercados y alimentación,Pago en MERCADONA AVDA. DE LAS NAALICANTE ES,,-27.08,618.65
28/03/2025,Alimentación,Supermercados y alimentación,Pago en MERCADONA AVDA. DE LAS NAALICANTE ES,,-56.45,645.73
28/03/2025,Ocio y viajes,"Cine, teatro y espectáculos",Pago en WWW CINESA ES BARCELONA ES,,-2.00,702.18
28/03/2025,Vehículo y transporte,Gasolina y combustible,Pago en E S ALCARRIA BUEDO CASAS DE HAROES,,-10.50,704.18
28/03/2025,Alimentación,Supermercados y alimentación,Pago en DIA RETAIL ESPA¥A MADRID MADRID ES,,-12.88,714.68
28/03/2025,Compras,Compras (otros),Pago en WWW.AMAZON.* RW4ID4YD4,,-15.99,727.56
24/03/2025,Alimentación,Supermercados y alimentación,Pago en DIA 16113 MADRID ES,,-13.55,743.55
23/03/2025,Alimentación,Supermercados y alimentación,Pago en MIALCAMPO PRINCIPE CARLOSMADRID ES,,-8.00,757.10
22/03/2025,Alimentación,Supermercados y alimentación,Pago en MERCADONA MONTEBURGOS MADRID ES,,-30.92,765.10
21/03/2025,Alimentación,Supermercados y alimentación,Pago en MERCADONA C MA MADRID ES,,-169.55,796.02
21/03/2025,Compras,Regalos y juguetes,Pago en BAZAR GRAN AHORRO MADRID ES,,-8.30,965.57
21/03/2025,Ocio y viajes,"Cine, teatro y espectáculos",Pago en WWW CINESA ES BARCELONA ES,,-6.00,973.87
21/03/2025,Otros ingresos,Ingresos de otras entidades,Transferencia recibida de MARIA DEL CARMEN LOPEZ GUIJARRO,,900.00,979.87
20/03/2025,Alimentación,Supermercados y alimentación,Pago en MERCADONA MONTEBURGOS MADRID ES,,-9.55,79.87
20/03/2025,Alimentación,Supermercados y alimentación,Pago en MERCADONA C MA MADRID ES,,-14.85,89.42
18/03/2025,Compras,Compras (otros),Pago en EL CORTE INGLES SANCHINARMADRID ES,,-40.14,104.27
18/03/2025,Compras,Compras (otros),Pago en MOGACAR PV FUENCARRAL FUENCARRAL ES,,-738.78,144.41
18/03/2025,Movimientos excluidos,Traspaso entre cuentas,Traspaso recibido Cuenta Nómina Mazda 3,,800.00,883.19
18/03/2025,Alimentación,Supermercados y alimentación,Pago en MERCADONA MONTEBURGOS MADRID ES,,-23.73,83.19
17/03/2025,Ocio y viajes,Hotel y alojamiento,Pago en AIRBNB * HM9H2CKM2C 491 123 4567 LU,,-131.12,106.92
15/03/2025,Movimientos excluidos,Traspaso entre cuentas,Traspaso recibido Cuenta Nómina Movimiento ING,,200.00,238.04
15/03/2025,Alimentación,Supermercados y alimentación,Pago en DIA 16130 MADRID ES,,-22.01,38.04
14/03/2025,Alimentación,Supermercados y alimentación,Pago en MERCADONA C MA MADRID ES,,-61.42,60.05
14/03/2025,Otros gastos,Transferencias,Transferencia emitida a MCARMEN LOPEZ GUIJARRO Pago birina,,-36.00,121.47
13/03/2025,Alimentación,Supermercados y alimentación,Pago en MERCADONA C MA MADRID ES,,-5.34,157.47
12/03/2025,Alimentación,Supermercados y alimentación,Pago en DIA RETAIL ESPA¥A MADRID MADRID ES,,-26.06,162.81
12/03/2025,Otros gastos,Transferencias,Transferencia emitida a CARLOS ANTONIO PEREZ HAURIE Vacaciones pendientes edy,,-48.00,188.87
10/03/2025,Compras,Compras (otros),Pago en AMAZON* RB8RO7FA4,,-26.99,236.87
10/03/2025,Hogar,Luz y gas,"Recibo IBERDROLA CLIENTES, S.A.U",,-77.38,263.86
09/03/2025,Alimentación,Supermercados y alimentación,Pago en DIA 16130 MADRID ES,,-15.98,341.24
08/03/2025,Alimentación,Supermercados y alimentación,Pago en MERCADONA MONTEBURGOS MADRID ES,,-30.52,357.22
07/03/2025,Alimentación,Supermercados y alimentación,Pago en MERCADONA C MA MADRID ES,,-168.24,387.74
06/03/2025,Vehículo y transporte,Gasolina y combustible,Pago en CRED LAS TABLAS MADRID ES,,-1.50,555.98
04/03/2025,Compras,"Belleza, peluquería y perfumería",Pago en MI PELU MADRID ES,,-15.95,557.48
04/03/2025,Alimentación,Supermercados y alimentación,Pago en DIA 9389 MADRID ES,,-12.91,573.43
04/03/2025,Compras,"Belleza, peluquería y perfumería",Pago en SP VERD OLIVA,,-84.74,586.34
04/03/2025,Otros gastos,Otros gastos (otros),"Recibo DESARROLLOS ECOLOGICOS EL VALLE, SL",,-135.50,671.08
03/03/2025,Alimentación,Supermercados y alimentación,Pago en MERCADONA MONTEBURGOS MADRID ES,,-39.22,806.58
03/03/2025,Educación y salud,Educación,Recibo SERVICIOS EDUCATIVOS EL VALLE DE SAN CHI,,-319.50,845.80
03/03/2025,Educación y salud,Educación,"Recibo SERVICIOS EDUCATIVOS EL VALLE DE SANCHINARRO, SLL",,-319.50,"1,165.30"
03/03/2025,Hogar,"Teléfono, TV e internet","Recibo TELEFONICA DE ESPANA, S. A. U.",,-16.00,"1,484.80"
03/03/2025,Otros gastos,Otros gastos (otros),"Recibo C.P. NICETO ALCALA ZAMORA 24-42 CL Niceto Alcala Zamora, 24",,-170.22,"1,500.80"
03/03/2025,Otros gastos,Transferencias,Transferencia emitida periódica,,-75.00,"1,671.02"
02/03/2025,Alimentación,Supermercados y alimentación,Pago en SANCHINARRO H. MADRID ES,,-4.25,"1,746.02"
02/03/2025,Alimentación,Supermercados y alimentación,Pago en SANCHINARRO H. MADRID ES,,-26.84,"1,750.27"
01/03/2025,Otros gastos,Cajeros,Comisión cajero UNICAJA MADRID ES,,-1.00,"1,777.11"
01/03/2025,Otros gastos,Cajeros,Reintegro efectivo tarjeta UNICAJA MADRID ES,,-40.00,"1,778.11"
01/03/2025,Alimentación,Supermercados y alimentación,Pago en MERCADONA MONTEBURGOS MADRID ES,,-39.62,"1,818.11"
01/03/2025,Otros ingresos,Ingresos de otras entidades,Transferencia recibida de CARLOS ANTONIO PEREZ HAURIE GASTOS,,"1,416.00","1,857.73"
28/02/2025,Alimentación,Supermercados y alimentación,Pago en ALDI MADRID QUINTANAVIDESMADRID ES,,-52.71,441.73
28/02/2025,Otros gastos,Pago de impuestos,Cargo cuota SS,,-81.13,494.44
28/02/2025,Otros gastos,Transferencias,Transferencia emitida a EDY ISABEL MONTOYA MORALES Nomina Edy,,-263.00,575.57
27/02/2025,Alimentación,Supermercados y alimentación,Pago en ALDI MADRID QUINTANAVIDESMADRID ES,,-30.85,838.57
26/02/2025,Alimentación,Supermercados y alimentación,Pago en DIA 16130 MADRID ES,,-27.38,869.42
25/02/2025,Alimentación,Supermercados y alimentación,Pago en SANCHINARRO H. MADRID ES,,-8.85,896.80
24/02/2025,Alimentación,Supermercados y alimentación,Pago en LEVADURA MADRE MADRID ES,,-2.80,905.65
24/02/2025,Alimentación,Supermercados y alimentación,Pago en MIALCAMPO PRINCIPE CARLOSMADRID ES,,-1.16,908.45
24/02/2025,Alimentación,Supermercados y alimentación,Pago en MIALCAMPO PRINCIPE CARLOSMADRID ES,,-9.66,909.61
24/02/2025,Otros gastos,Transferencias,Transferencia emitida a Alicio Muñoz Crespo Aceptación Presupuesto 13 25,,"-2,000.00",919.27
24/02/2025,Otros ingresos,Otros ingresos (otros),Traspaso recibido Cuenta Nómina Alicio,,"1,000.00","2,919.27"
24/02/2025,Otros ingresos,Ingresos de otras entidades,Transferencia recibida de MARIA DEL CARMEN LOPEZ GUIJARRO,,900.00,"1,919.27"
23/02/2025,Movimientos excluidos,Traspaso entre cuentas,Traspaso recibido Cuenta Nómina Inicio de obra,,"1,000.00","1,019.27"
23/02/2025,Alimentación,Supermercados y alimentación,Pago en ALDI MADRID QUINTANAVIDESMADRID ES,,-43.74,19.27
22/02/2025,Vehículo y transporte,Peajes,Pago en ATPSEITT Alcobenda >AlcoMADRID ES,,-0.60,63.01
22/02/2025,Vehículo y transporte,Peajes,Pago en ATPSEITT N IIT >M 50S MADRID ES,,-5.05,63.61
21/02/2025,Alimentación,Supermercados y alimentación,Pago en MERCADONA C MA MADRID ES,,-155.30,68.66
21/02/2025,Compras,Compras (otros),Pago en MOGACAR PV FUENCARRAL FUENCARRAL ES,,-257.88,223.96
21/02/2025,Movimientos excluidos,Traspaso entre cuentas,Traspaso recibido Cuenta Nómina Revisión MaDa,,350.00,481.84
21/02/2025,Vehículo y transporte,Peajes,Pago en ATPSEITT M 50S >N IIT MADRID ES,,-5.05,131.84
20/02/2025,Alimentación,Supermercados y alimentación,Pago en FENG ZHANG MADRID ES,,-3.60,136.89
19/02/2025,Alimentación,Supermercados y alimentación,Pago en DIA 16113 MADRID ES,,-2.07,140.49
18/02/2025,Alimentación,Supermercados y alimentación,Pago en DIA 16130 MADRID ES,,-36.42,142.56
17/02/2025,Alimentación,Supermercados y alimentación,Pago en PALMER MADRID ES,,-1.80,178.98
16/02/2025,Vehículo y transporte,Gasolina y combustible,Pago en E.S. PTO. CAVERO CALATAYUD ES,,-46.35,180.78
15/02/2025,Ocio y viajes,Hotel y alojamiento,Pago en CLUB ARAMON FORMIGAL ES,,-452.00,227.13
15/02/2025,Movimientos excluidos,Traspaso entre cuentas,Traspaso recibido Cuenta Nómina Forfait,,400.00,679.13
14/02/2025,Ocio y viajes,"Cine, teatro y espectáculos",Pago en PETROSOS ALQUILER ESQUI PANTICOSA ES,,-60.00,279.13
14/02/2025,Vehículo y transporte,Gasolina y combustible,Pago en ES LA ALMUNIA CALATORAO ES,,-6.45,339.13
14/02/2025,Ventajas ING,Otras Ventajas ING,Abono por campaña Abono Shopping NARANJA:SHELL,,1.95,345.58
14/02/2025,Alimentación,Supermercados y alimentación,Pago en DIA 16130 MADRID ES,,-40.06,343.63
13/02/2025,Vehículo y transporte,Gasolina y combustible,Pago en LAS TABLAS MADRID ES,,-65.01,383.69
13/02/2025,Alimentación,Supermercados y alimentación,Pago en MERCADONA C MA MADRID ES,,-109.62,448.70
13/02/2025,Ocio y viajes,Hotel y alojamiento,Pago en AIRBNB * HM9H2CKM2C 491 123 4567 LU,,-32.79,558.32
11/02/2025,Educación y salud,Educación,Pago en EL VALLE MADRID ES,,-30.00,591.11
11/02/2025,Alimentación,Supermercados y alimentación,Pago en DIA 9389 MADRID ES,,-12.05,621.11
11/02/2025,Hogar,Luz y gas,Recibo BASER COMER. REFER. SA,,-119.31,633.16
10/02/2025,Alimentación,Supermercados y alimentación,Pago en MERCADONA C MA MADRID ES,,-34.20,752.47
10/02/2025,Otros gastos,Transferencias,Transferencia emitida a CARLOS ANTONIO PEREZ HAURIE Pollo David,,-55.00,786.67
09/02/2025,Alimentación,Supermercados y alimentación,Pago en LEVADURA MADRE MADRID ES,,-3.30,841.67
09/02/2025,Educación y salud,Deporte y gimnasio,Pago en DECATHLON ON LINE GETAFE ES,,-29.96,844.97
08/02/2025,Alimentación,Supermercados y alimentación,Pago en PALMER MADRID ES,,-1.30,874.93
08/02/2025,Compras,Compras (otros),Pago en EL CORTE INGLES SANCHINARMADRID ES,,-25.85,876.23
07/02/2025,Alimentación,Supermercados y alimentación,Pago en MERCADONA MONTEBURGOS MADRID ES,,-94.62,902.08
07/02/2025,Compras,Compras (otros),Pago en EL CORTE INGLES SANCHINARMADRID ES,,-14.95,996.70
06/02/2025,Alimentación,Supermercados y alimentación,Pago en ALDI MADRID QUINTANAVIDESMADRID ES,,-61.94,"1,011.65"
06/02/2025,Hogar,Luz y gas,"Recibo IBERDROLA CLIENTES, S.A.U",,-73.23,"1,073.59"
05/02/2025,Educación y salud,Educación,Pago en COLEGIO EL VALLE SANCHINAMADRID ES,,-25.00,"1,146.82"
04/02/2025,Hogar,Agua,"Recibo CANAL DE ISABEL II GESTION, S.",,-60.05,"1,171.82"
03/02/2025,Alimentación,Supermercados y alimentación,Pago en MIALCAMPO PRINCIPE CARLOSMADRID ES,,-18.65,"1,231.87"
03/02/2025,Alimentación,Supermercados y alimentación,Pago en HT VENDING MADRID SL,,-1.50,"1,250.52"
03/02/2025,Alimentación,Supermercados y alimentación,Pago en HT VENDING MADRID SL,,-1.20,"1,252.02"
03/02/2025,Educación y salud,Educación,Recibo SERVICIOS EDUCATIVOS EL VALLE DE SAN CHI,,-319.50,"1,253.22"
03/02/2025,Educación y salud,Educación,"Recibo SERVICIOS EDUCATIVOS EL VALLE DE SANCHINARRO, SLL",,-319.50,"1,572.72"
03/02/2025,Hogar,"Teléfono, TV e internet","Recibo TELEFONICA DE ESPANA, S. A. U.",,-14.32,"1,892.22"
03/02/2025,Otros gastos,Otros gastos (otros),"Recibo C.P. NICETO ALCALA ZAMORA 24-42 CL Niceto Alcala Zamora, 24",,-170.22,"1,906.54"
03/02/2025,Otros gastos,Transferencias,Transferencia emitida periódica,,-75.00,"2,076.76"
02/02/2025,Alimentación,Supermercados y alimentación,Pago en DIA 16130 MADRID ES,,-8.82,"2,151.76"
02/02/2025,Alimentación,Supermercados y alimentación,Pago en MIALCAMPO PRINCIPE CARLOSMADRID ES,,-6.87,"2,160.58"
01/02/2025,Compras,Compras (otros),Devolución Tarjeta AMZN Mktp ES 800 279 6620 LU,,12.99,"2,167.45"
01/02/2025,Alimentación,Supermercados y alimentación,Pago en EXPBUITRAGODELOZOYA BUITRAGO DE LES,,-2.85,"2,154.46"
01/02/2025,Ocio y viajes,Cafeterías y restaurantes,Pago en HELADERIA LA SOLANA BUITRAGO DEL ES,,-10.90,"2,157.31"
01/02/2025,Otros ingresos,Ingresos de otras entidades,Transferencia recibida de CARLOS ANTONIO PEREZ HAURIE GASTOS,,"1,416.00","2,168.21"
31/01/2025,Alimentación,Supermercados y alimentación,Pago en MERCADONA C MA MADRID ES,,-145.16,752.21
31/01/2025,Compras,Compras (otros),Pago en EL CORTE INGLES SANCHINARMADRID ES,,-4.20,897.37
31/01/2025,Compras,Compras (otros),Pago en EL CORTE INGLES SANCHINARMADRID ES,,-13.96,901.57
31/01/2025,Otros gastos,Pago de impuestos,Cargo cuota SS,,-80.85,915.53
29/01/2025,Compras,Compras (otros),Pago en AMZN Mktp ES*1M0QL6OV5 800 279 6620 LU,,-12.99,996.38
29/01/2025,Alimentación,Supermercados y alimentación,Pago en ALDI MADRID QUINTANAVIDESMADRID ES,,-42.98,"1,009.37"
27/01/2025,Alimentación,Supermercados y alimentación,Pago en MARKET EL ENCINAR MADRID ES,,-7.98,"1,052.35"
26/01/2025,Vehículo y transporte,Gasolina y combustible,Pago en CRED LAS TABLAS MADRID ES,,-16.48,"1,060.33"
24/01/2025,Alimentación,Supermercados y alimentación,Pago en MERCADONA C MA MADRID ES,,-107.50,"1,076.81"
21/01/2025,Alimentación,Supermercados y alimentación,Pago en ALDI MADRID QUINTANAVIDESMADRID ES,,-25.94,"1,184.31"
21/01/2025,Otros ingresos,Ingresos de otras entidades,Transferencia recibida de MARIA DEL CARMEN LOPEZ GUIJARRO,,800.00,"1,210.25"
18/01/2025,Alimentación,Supermercados y alimentación,Pago en MERCADONA C MA MADRID ES,,-132.35,410.25
17/01/2025,Alimentación,Supermercados y alimentación,Pago en DIA 16130 MADRID ES,,-13.50,542.60
15/01/2025,Movimientos excluidos,Traspaso entre cuentas,Traspaso recibido Cuenta Nómina Seguro mazda,,482.00,556.10
15/01/2025,Vehículo y transporte,Seguro de coche y moto,Recibo MUTUA MADRILENA AUTOMOVILISTA,,-962.37,74.10
14/01/2025,Otros ingresos,Otros ingresos (otros),Traspaso recibido Cuenta Nómina Seguro,,963.00,"1,036.47"
14/01/2025,Alimentación,Supermercados y alimentación,Pago en DIA 16130 MADRID ES,,-22.07,73.47
14/01/2025,Compras,Regalos y juguetes,Devolución Tarjeta DEPORTES MOYA 670433161 ES,,34.95,95.54
12/01/2025,Alimentación,Supermercados y alimentación,Pago en SANCHINARRO H. MADRID ES,,-28.72,60.59
12/01/2025,Alimentación,Supermercados y alimentación,Pago en ACEITUNAS SANCHEZ RIVAS VACIAMAES,,-13.25,89.31
10/01/2025,Alimentación,Supermercados y alimentación,Pago en MERCADONA MONTEBURGOS MADRID ES,,-210.23,102.56
10/01/2025,Movimientos excluidos,Traspaso entre cuentas,Traspaso recibido Cuenta Nómina Movimiento ING,,200.00,312.79
08/01/2025,Alimentación,Supermercados y alimentación,Pago en DIA RETAIL ESPA¥A MADRID MADRID ES,,-27.13,112.79
08/01/2025,Otros ingresos,Ingresos de otras entidades,Transferencia recibida de CARLOS ANTONIO PEREZ HAURIE,,135.00,139.92
07/01/2025,Alimentación,Supermercados y alimentación,Pago en MIALCAMPO PRINCIPE CARLOSMADRID ES,,-7.59,4.92
07/01/2025,Ocio y viajes,"Libros, música y videojuegos",Pago en Vorwerk International,,-36.00,12.51
06/01/2025,Ocio y viajes,"Cine, teatro y espectáculos",Pago en IFEMA 03,,-8.10,48.51
06/01/2025,Hogar,Luz y gas,"Recibo IBERDROLA CLIENTES, S.A.U",,-55.44,56.61
05/01/2025,Alimentación,Supermercados y alimentación,Pago en ALDI MADRID QUINTANAVIDESMADRID ES,,-21.65,112.05
05/01/2025,Compras,Compras (otros),Pago en AMZN Mktp ES*RD1CU7WQ5,,-15.97,133.70
04/01/2025,Alimentación,Supermercados y alimentación,Pago en MIALCAMPO PRINCIPE CARLOSMADRID ES,,-10.41,149.67
04/01/2025,Alimentación,Supermercados y alimentación,Pago en DIA 16130 MADRID ES,,-4.84,160.08
04/01/2025,Alimentación,Supermercados y alimentación,Pago en MIALCAMPO PRINCIPE CARLOSMADRID ES,,-17.30,164.92
03/01/2025,Vehículo y transporte,Peajes,Pago en Castellana de Autopistas SAN RAFAEL ES,,-9.70,182.22
02/01/2025,Alimentación,Supermercados y alimentación,Pago en SANCHINARRO H. MADRID ES,,-17.87,191.92
02/01/2025,Movimientos excluidos,Traspaso entre cuentas,Traspaso recibido Cuenta Nómina Movimiento ING,,200.00,209.79
02/01/2025,Compras,Regalos y juguetes,Pago en DEPORTES MOYA 670433161 ES,,-34.95,9.79
02/01/2025,Alimentación,Supermercados y alimentación,Pago en MERCADONA MONTEBURGOS MADRID ES,,-80.03,44.74
02/01/2025,Educación y salud,Educación,Recibo SERVICIOS EDUCATIVOS EL VALLE DE SAN CHI,,-352.79,124.77
02/01/2025,Hogar,"Teléfono, TV e internet","Recibo TELEFONICA DE ESPANA, S. A. U.",,-14.00,477.56
02/01/2025,Educación y salud,Educación,"Recibo SERVICIOS EDUCATIVOS EL VALLE DE SANCHINARRO, SLL",,-340.85,491.56
02/01/2025,Otros gastos,Otros gastos (otros),"Recibo C.P. NICETO ALCALA ZAMORA 24-42 CL Niceto Alcala Zamora, 24",,-170.22,832.41
02/01/2025,Otros gastos,Transferencias,Transferencia emitida periódica,,-75.00,"1,002.63"